Filename,Actual Class,Predicted Class,Confidence
ls01_20230511_104500_s_17.wav,KeinNatur,KeinNatur,0.6684060096740723
ls01_20230518_030000_s_14.wav,KeinNatur,KeinNatur,0.7469324469566345
ls01_20230518_124500_s_13.wav,KeinNatur,KeinNatur,0.8588699102401733
ls01_20230625_063000_s_26.wav,KeinNatur,Natur,0.5671181082725525
ls01_20230626_093000_s_49.wav,KeinNatur,KeinNatur,0.5737033486366272
ls01_20230626_100000_s_43.wav,KeinNatur,KeinNatur,0.8862681984901428
ls01_20230627_103000_s_3.wav,KeinNatur,KeinNatur,0.8553059101104736
ls01_20230627_164500_s_30.wav,KeinNatur,KeinNatur,0.8324683308601379
ls01_20230627_191500_s_27.wav,KeinNatur,KeinNatur,0.7067407965660095
ls01_20230701_093000_s_54.wav,KeinNatur,KeinNatur,0.5912969708442688
ls01_20230702_103000_s_14.wav,KeinNatur,Natur,0.7197574377059937
ls01_20230704_210000_s_8.wav,KeinNatur,KeinNatur,0.672325074672699
ls01_20230709_060000_s_54.wav,KeinNatur,KeinNatur,0.9160768389701843
ls01_20230709_200000_s_5.wav,KeinNatur,KeinNatur,0.7573807835578918
ls01_20230709_231500_s_5.wav,KeinNatur,KeinNatur,0.6677693724632263
ls01_20230710_160000_s_47.wav,KeinNatur,KeinNatur,0.8641706109046936
ls01_20230711_210000_s_0.wav,KeinNatur,Natur,0.5457571148872375
ls01_20230713_170000_s_28.wav,KeinNatur,KeinNatur,0.9025995135307312
ls01_20230715_081500_s_30.wav,KeinNatur,KeinNatur,0.8841161131858826
ls01_20230718_181500_s_3.wav,KeinNatur,KeinNatur,0.8534243106842041
ls01_20230718_204500_s_33.wav,KeinNatur,KeinNatur,0.6795110702514648
ls01_20230725_131500_s_4.wav,KeinNatur,Natur,0.7675946950912476
ls01_20230731_231500_s_11.wav,KeinNatur,KeinNatur,0.698005199432373
ls01_20230804_143000_s_48.wav,KeinNatur,Natur,0.832724392414093
ls01_20230807_080000_s_49.wav,KeinNatur,KeinNatur,0.8682669997215271
ls01_20230809_024500_s_39.wav,KeinNatur,KeinNatur,0.7017660140991211
ls01_20230813_170000_s_6.wav,KeinNatur,KeinNatur,0.8740910291671753
ls01_20230814_064500_s_45.wav,KeinNatur,KeinNatur,0.7044969201087952
ls01_20230815_104500_s_38.wav,KeinNatur,Natur,0.7568309903144836
ls02_20230513_131500_s_47.wav,KeinNatur,KeinNatur,0.8737099170684814
ls02_20230514_090000_s_26.wav,KeinNatur,KeinNatur,0.8645790815353394
ls02_20230515_220000_s_31.wav,KeinNatur,KeinNatur,0.7551785707473755
ls02_20230517_141500_s_34.wav,KeinNatur,KeinNatur,0.8982976675033569
ls02_20230518_044500_s_31.wav,KeinNatur,KeinNatur,0.8986020088195801
ls02_20230521_093000_s_13.wav,KeinNatur,KeinNatur,0.8800132870674133
ls02_20230528_174500_s_3.wav,KeinNatur,KeinNatur,0.8651809692382812
ls02_20230529_031500_s_40.wav,KeinNatur,KeinNatur,0.8817437291145325
ls02_20230603_104500_s_12.wav,KeinNatur,KeinNatur,0.8862631916999817
ls02_20230604_050000_s_56.wav,KeinNatur,KeinNatur,0.7791471481323242
ls02_20230604_231500_s_37.wav,KeinNatur,KeinNatur,0.8220677375793457
ls02_20230605_034500_s_25.wav,KeinNatur,KeinNatur,0.9182372689247131
ls02_20230606_040000_s_29.wav,KeinNatur,KeinNatur,0.8035011291503906
ls02_20230607_044500_s_6.wav,KeinNatur,KeinNatur,0.8395627737045288
ls02_20230609_220000_s_55.wav,KeinNatur,KeinNatur,0.7450199723243713
ls02_20230610_031500_s_8.wav,KeinNatur,KeinNatur,0.774777352809906
ls02_20230612_100000_s_4.wav,KeinNatur,KeinNatur,0.782571017742157
ls02_20230614_064500_s_55.wav,KeinNatur,Natur,0.7200464606285095
ls02_20230616_034500_s_20.wav,KeinNatur,KeinNatur,0.898176372051239
ls02_20230616_061500_s_17.wav,KeinNatur,KeinNatur,0.6798462867736816
ls02_20230621_144500_s_6.wav,KeinNatur,Natur,0.7082638740539551
ls02_20230623_163000_s_40.wav,KeinNatur,KeinNatur,0.8998445272445679
ls02_20230626_131500_s_36.wav,KeinNatur,KeinNatur,0.8645322918891907
ls02_20230628_081500_s_56.wav,KeinNatur,KeinNatur,0.6309241056442261
ls02_20230629_144500_s_19.wav,KeinNatur,KeinNatur,0.898724377155304
ls02_20230701_064500_s_40.wav,KeinNatur,KeinNatur,0.818557620048523
ls02_20230701_071500_s_45.wav,KeinNatur,KeinNatur,0.7969675660133362
ls02_20230702_100000_s_35.wav,KeinNatur,KeinNatur,0.7036904692649841
ls02_20230702_143000_s_35.wav,KeinNatur,KeinNatur,0.8537441492080688
ls02_20230704_060000_s_54.wav,KeinNatur,KeinNatur,0.8149458765983582
ls02_20230705_103000_s_55.wav,KeinNatur,KeinNatur,0.8987511396408081
ls02_20230708_143000_s_20.wav,KeinNatur,Natur,0.5066331624984741
ls02_20230709_071500_s_41.wav,KeinNatur,KeinNatur,0.5479501485824585
ls02_20230709_151500_s_6.wav,KeinNatur,KeinNatur,0.8134278655052185
ls02_20230712_123000_s_54.wav,KeinNatur,KeinNatur,0.7882394194602966
ls02_20230714_193000_s_21.wav,KeinNatur,KeinNatur,0.7340818047523499
ls02_20230715_080000_s_46.wav,KeinNatur,KeinNatur,0.9023377299308777
ls02_20230721_174500_s_18.wav,KeinNatur,KeinNatur,0.5940388441085815
ls02_20230726_023000_s_5.wav,KeinNatur,KeinNatur,0.7617043852806091
ls02_20230729_064500_s_8.wav,KeinNatur,KeinNatur,0.7643905282020569
ls02_20230729_141500_s_12.wav,KeinNatur,KeinNatur,0.9067292809486389
ls02_20230729_154500_s_10.wav,KeinNatur,KeinNatur,0.5662644505500793
ls02_20230731_151500_s_30.wav,KeinNatur,KeinNatur,0.7085813283920288
ls02_20230801_014500_s_22.wav,KeinNatur,KeinNatur,0.5620123147964478
ls02_20230803_160000_s_1.wav,KeinNatur,KeinNatur,0.8618534803390503
ls02_20230812_120000_s_18.wav,KeinNatur,KeinNatur,0.8495033979415894
ls02_20230813_141500_s_2.wav,KeinNatur,KeinNatur,0.6359735131263733
ls03_20230512_181500_s_55.wav,KeinNatur,KeinNatur,0.8189341425895691
ls03_20230513_000000_s_30.wav,KeinNatur,KeinNatur,0.7980436086654663
ls03_20230513_074500_s_5.wav,KeinNatur,KeinNatur,0.7985317707061768
ls03_20230513_101500_s_18.wav,KeinNatur,Natur,0.7354694604873657
ls03_20230521_160000_s_5.wav,KeinNatur,Natur,0.5106871724128723
ls03_20230523_090000_s_30.wav,KeinNatur,KeinNatur,0.8718386292457581
ls03_20230525_123000_s_10.wav,KeinNatur,KeinNatur,0.7480391263961792
ls03_20230529_201500_s_46.wav,KeinNatur,KeinNatur,0.7496002316474915
ls03_20230531_103000_s_18.wav,KeinNatur,KeinNatur,0.9094691872596741
ls03_20230531_141500_s_50.wav,KeinNatur,KeinNatur,0.7783657312393188
ls03_20230602_024500_s_0.wav,KeinNatur,KeinNatur,0.7660914659500122
ls03_20230602_141500_s_0.wav,KeinNatur,Natur,0.5605056285858154
ls03_20230605_023000_s_13.wav,KeinNatur,KeinNatur,0.7676301002502441
ls03_20230605_214500_s_42.wav,KeinNatur,KeinNatur,0.7493197321891785
ls03_20230607_120000_s_20.wav,KeinNatur,KeinNatur,0.8436069488525391
ls03_20230608_224500_s_31.wav,KeinNatur,KeinNatur,0.7205990552902222
ls03_20230611_121500_s_37.wav,KeinNatur,KeinNatur,0.8248201608657837
ls03_20230611_121500_s_39.wav,KeinNatur,KeinNatur,0.8057173490524292
ls03_20230614_081500_s_46.wav,KeinNatur,KeinNatur,0.8943740725517273
ls03_20230616_184500_s_3.wav,KeinNatur,Natur,0.879365086555481
ls03_20230616_203000_s_33.wav,KeinNatur,KeinNatur,0.8854730725288391
ls03_20230620_114500_s_8.wav,KeinNatur,Natur,0.8105412125587463
ls03_20230623_061500_s_56.wav,KeinNatur,KeinNatur,0.8933796286582947
ls03_20230626_044500_s_11.wav,KeinNatur,KeinNatur,0.8977047204971313
ls03_20230627_040000_s_45.wav,KeinNatur,KeinNatur,0.5642383098602295
ls03_20230628_204500_s_40.wav,KeinNatur,KeinNatur,0.7277277112007141
ls03_20230629_121500_s_15.wav,KeinNatur,Natur,0.8263197541236877
ls03_20230701_120000_s_43.wav,KeinNatur,KeinNatur,0.894548773765564
ls03_20230703_010000_s_35.wav,KeinNatur,KeinNatur,0.7718280553817749
ls03_20230703_014500_s_31.wav,KeinNatur,KeinNatur,0.7317524552345276
ls03_20230710_140000_s_8.wav,KeinNatur,KeinNatur,0.7314345836639404
ls03_20230710_191500_s_46.wav,KeinNatur,KeinNatur,0.7564550638198853
ls03_20230713_174500_s_0.wav,KeinNatur,KeinNatur,0.8727717399597168
ls03_20230715_033000_s_1.wav,KeinNatur,KeinNatur,0.8087846636772156
ls03_20230715_084500_s_27.wav,KeinNatur,KeinNatur,0.9135761857032776
ls03_20230716_043000_s_16.wav,KeinNatur,KeinNatur,0.7826183438301086
ls03_20230716_073000_s_33.wav,KeinNatur,Natur,0.5202478170394897
ls03_20230716_204500_s_4.wav,KeinNatur,Natur,0.535980761051178
ls03_20230717_014500_s_16.wav,KeinNatur,Natur,0.6850351691246033
ls03_20230719_130000_s_55.wav,KeinNatur,KeinNatur,0.8991004228591919
ls03_20230720_224500_s_27.wav,KeinNatur,KeinNatur,0.6722543835639954
ls03_20230721_043000_s_11.wav,KeinNatur,KeinNatur,0.8374436497688293
ls03_20230723_200000_s_27.wav,KeinNatur,KeinNatur,0.7857808470726013
ls03_20230728_101500_s_43.wav,KeinNatur,KeinNatur,0.5611152648925781
ls03_20230731_143000_s_22.wav,KeinNatur,KeinNatur,0.7528193593025208
ls03_20230802_184500_s_28.wav,KeinNatur,KeinNatur,0.7407497763633728
ls03_20230803_090000_s_21.wav,KeinNatur,KeinNatur,0.6705143451690674
ls03_20230804_051500_s_54.wav,KeinNatur,KeinNatur,0.8691022396087646
ls03_20230805_123000_s_54.wav,KeinNatur,KeinNatur,0.8577120900154114
ls03_20230807_100000_s_19.wav,KeinNatur,KeinNatur,0.8860562443733215
ls03_20230808_040000_s_55.wav,KeinNatur,KeinNatur,0.7082678079605103
ls03_20230812_140000_s_40.wav,KeinNatur,KeinNatur,0.8620119690895081
ls03_20230813_104500_s_21.wav,KeinNatur,Natur,0.8750919699668884
ls03_20230814_090000_s_41.wav,KeinNatur,KeinNatur,0.8470341563224792
ls04_20230511_100000_s_48.wav,KeinNatur,KeinNatur,0.8125561475753784
ls04_20230512_193000_s_33.wav,KeinNatur,KeinNatur,0.7343051433563232
ls04_20230517_014500_s_54.wav,KeinNatur,KeinNatur,0.7439310550689697
ls04_20230517_061500_s_38.wav,KeinNatur,KeinNatur,0.8803622126579285
ls04_20230517_214500_s_8.wav,KeinNatur,KeinNatur,0.7073583602905273
ls04_20230518_023000_s_5.wav,KeinNatur,KeinNatur,0.6478101015090942
ls04_20230525_033000_s_16.wav,KeinNatur,KeinNatur,0.8873251676559448
ls04_20230526_021500_s_49.wav,KeinNatur,KeinNatur,0.6733449101448059
ls04_20230529_074500_s_40.wav,KeinNatur,KeinNatur,0.8707056641578674
ls04_20230601_000000_s_32.wav,KeinNatur,KeinNatur,0.6377168893814087
ls04_20230602_004500_s_32.wav,KeinNatur,KeinNatur,0.6589959263801575
ls04_20230602_031500_s_46.wav,KeinNatur,KeinNatur,0.9267644286155701
ls04_20230604_140000_s_52.wav,KeinNatur,KeinNatur,0.9253053069114685
ls04_20230605_084500_s_44.wav,KeinNatur,KeinNatur,0.9012221097946167
ls04_20230605_223000_s_15.wav,KeinNatur,KeinNatur,0.6868248581886292
ls04_20230610_130000_s_40.wav,KeinNatur,KeinNatur,0.5472851991653442
ls04_20230613_081500_s_32.wav,KeinNatur,KeinNatur,0.895879864692688
ls04_20230615_151500_s_49.wav,KeinNatur,Natur,0.658995509147644
ls04_20230616_114500_s_19.wav,KeinNatur,KeinNatur,0.5814250111579895
ls04_20230619_024500_s_46.wav,KeinNatur,KeinNatur,0.8650871515274048
ls04_20230619_044500_s_0.wav,KeinNatur,KeinNatur,0.920561671257019
ls04_20230621_013000_s_12.wav,KeinNatur,KeinNatur,0.655482292175293
ls04_20230621_024500_s_34.wav,KeinNatur,KeinNatur,0.9042569398880005
ls04_20230623_041500_s_9.wav,KeinNatur,KeinNatur,0.888075053691864
ls04_20230624_030000_s_54.wav,KeinNatur,KeinNatur,0.8978080153465271
ls04_20230625_053000_s_28.wav,KeinNatur,KeinNatur,0.9047897458076477
ls04_20230625_173000_s_35.wav,KeinNatur,KeinNatur,0.9208001494407654
ls04_20230626_061500_s_0.wav,KeinNatur,KeinNatur,0.8564367890357971
ls04_20230627_010000_s_20.wav,KeinNatur,KeinNatur,0.6462239027023315
ls04_20230627_080000_s_38.wav,KeinNatur,KeinNatur,0.900572657585144
ls04_20230629_020000_s_55.wav,KeinNatur,KeinNatur,0.6433014273643494
ls04_20230629_104500_s_47.wav,KeinNatur,Natur,0.5787854790687561
ls04_20230702_024500_s_10.wav,KeinNatur,KeinNatur,0.8483179211616516
ls04_20230706_043000_s_49.wav,KeinNatur,KeinNatur,0.9302981495857239
ls04_20230707_070000_s_36.wav,KeinNatur,KeinNatur,0.6467880606651306
ls04_20230708_050000_s_34.wav,KeinNatur,KeinNatur,0.8488695025444031
ls04_20230710_150000_s_11.wav,KeinNatur,KeinNatur,0.8984519839286804
ls04_20230714_073000_s_26.wav,KeinNatur,KeinNatur,0.8988954424858093
ls04_20230714_171500_s_11.wav,KeinNatur,KeinNatur,0.7335509061813354
ls04_20230715_040000_s_46.wav,KeinNatur,KeinNatur,0.9269902110099792
ls04_20230716_124500_s_3.wav,KeinNatur,KeinNatur,0.8180497884750366
ls04_20230718_144500_s_12.wav,KeinNatur,KeinNatur,0.6079395413398743
ls04_20230719_084500_s_20.wav,KeinNatur,Natur,0.6647984981536865
ls04_20230722_074500_s_23.wav,KeinNatur,KeinNatur,0.5522916913032532
ls04_20230722_201500_s_30.wav,KeinNatur,KeinNatur,0.706396758556366
ls04_20230723_014500_s_6.wav,KeinNatur,KeinNatur,0.7544163465499878
ls04_20230726_001500_s_22.wav,KeinNatur,KeinNatur,0.7013493776321411
ls04_20230727_060000_s_0.wav,KeinNatur,KeinNatur,0.8920608162879944
ls04_20230727_144500_s_25.wav,KeinNatur,KeinNatur,0.8717923164367676
ls04_20230728_124500_s_56.wav,KeinNatur,KeinNatur,0.9122939705848694
ls04_20230728_174500_s_21.wav,KeinNatur,KeinNatur,0.7457196712493896
ls04_20230730_114500_s_42.wav,KeinNatur,KeinNatur,0.8662835359573364
ls04_20230730_171500_s_54.wav,KeinNatur,KeinNatur,0.8825247883796692
ls04_20230804_184500_s_40.wav,KeinNatur,KeinNatur,0.7372279167175293
ls04_20230807_090000_s_53.wav,KeinNatur,KeinNatur,0.6855659484863281
ls04_20230810_011500_s_37.wav,KeinNatur,KeinNatur,0.7703878283500671
ls04_20230810_174500_s_27.wav,KeinNatur,KeinNatur,0.7400612831115723
ls04_20230810_220000_s_12.wav,KeinNatur,KeinNatur,0.6936960220336914
ls04_20230811_063000_s_22.wav,KeinNatur,KeinNatur,0.8872835636138916
ls04_20230815_073000_s_52.wav,KeinNatur,KeinNatur,0.5659101009368896
ls04_20230815_141500_s_52.wav,KeinNatur,KeinNatur,0.8648095726966858
ls05_20230512_163000_s_26.wav,KeinNatur,KeinNatur,0.8944348096847534
ls05_20230513_033000_s_7.wav,KeinNatur,KeinNatur,0.9369496703147888
ls05_20230514_051500_s_0.wav,KeinNatur,KeinNatur,0.8810642957687378
ls05_20230515_051500_s_8.wav,KeinNatur,KeinNatur,0.7169919610023499
ls05_20230517_153000_s_4.wav,KeinNatur,KeinNatur,0.7857598662376404
ls05_20230522_071500_s_40.wav,KeinNatur,KeinNatur,0.7108840346336365
ls05_20230524_063000_s_26.wav,KeinNatur,KeinNatur,0.8458191156387329
ls05_20230525_180000_s_56.wav,KeinNatur,KeinNatur,0.5433509945869446
ls05_20230527_081500_s_42.wav,KeinNatur,KeinNatur,0.8413557410240173
ls05_20230528_174500_s_12.wav,KeinNatur,KeinNatur,0.7239525318145752
ls05_20230601_124500_s_5.wav,KeinNatur,KeinNatur,0.7405431270599365
ls05_20230603_040000_s_26.wav,KeinNatur,KeinNatur,0.6518124938011169
ls05_20230606_223000_s_35.wav,KeinNatur,KeinNatur,0.8417439460754395
ls05_20230613_090000_s_9.wav,KeinNatur,KeinNatur,0.7865374684333801
ls05_20230613_223000_s_35.wav,KeinNatur,KeinNatur,0.7361297607421875
ls05_20230618_160000_s_12.wav,KeinNatur,KeinNatur,0.8700252175331116
ls05_20230619_081500_s_31.wav,KeinNatur,KeinNatur,0.8041856288909912
ls05_20230620_101500_s_5.wav,KeinNatur,KeinNatur,0.8534122705459595
ls05_20230621_084500_s_10.wav,KeinNatur,KeinNatur,0.7720634937286377
ls05_20230622_121500_s_50.wav,KeinNatur,Natur,0.5012682676315308
ls05_20230623_211500_s_43.wav,KeinNatur,KeinNatur,0.7315877676010132
ls05_20230625_151500_s_5.wav,KeinNatur,KeinNatur,0.9068702459335327
ls05_20230625_171500_s_3.wav,KeinNatur,KeinNatur,0.9089738726615906
ls05_20230625_204500_s_22.wav,KeinNatur,KeinNatur,0.7564453482627869
ls05_20230626_180000_s_4.wav,KeinNatur,KeinNatur,0.9131439924240112
ls05_20230629_000000_s_15.wav,KeinNatur,Natur,0.5110695362091064
ls05_20230701_221500_s_7.wav,KeinNatur,Natur,0.8392388224601746
ls05_20230702_023000_s_30.wav,KeinNatur,KeinNatur,0.711302638053894
ls05_20230703_080000_s_11.wav,KeinNatur,KeinNatur,0.6026138067245483
ls05_20230703_150000_s_41.wav,KeinNatur,KeinNatur,0.7665520906448364
ls05_20230703_163000_s_43.wav,KeinNatur,KeinNatur,0.8039239645004272
ls05_20230705_064500_s_17.wav,KeinNatur,KeinNatur,0.8803797960281372
ls05_20230709_184500_s_33.wav,KeinNatur,KeinNatur,0.8645808100700378
ls05_20230714_150000_s_12.wav,KeinNatur,KeinNatur,0.8715894818305969
ls05_20230718_191500_s_31.wav,KeinNatur,Natur,0.5831500887870789
ls05_20230719_060000_s_41.wav,KeinNatur,KeinNatur,0.7153567671775818
ls05_20230719_174500_s_34.wav,KeinNatur,KeinNatur,0.6956354379653931
ls05_20230725_193000_s_32.wav,KeinNatur,KeinNatur,0.8427587151527405
ls05_20230726_150000_s_43.wav,KeinNatur,KeinNatur,0.9124104976654053
ls05_20230727_234500_s_41.wav,KeinNatur,KeinNatur,0.6753844022750854
ls05_20230729_113000_s_5.wav,KeinNatur,KeinNatur,0.8985374569892883
ls05_20230731_141500_s_28.wav,KeinNatur,Natur,0.9402630925178528
ls05_20230802_161500_s_30.wav,KeinNatur,KeinNatur,0.895250678062439
ls05_20230802_204500_s_44.wav,KeinNatur,KeinNatur,0.7067973613739014
ls05_20230802_204500_s_51.wav,KeinNatur,KeinNatur,0.698935329914093
ls05_20230807_093000_s_28.wav,KeinNatur,KeinNatur,0.8136242628097534
ls05_20230812_161500_s_0.wav,KeinNatur,KeinNatur,0.748997151851654
ls05_20230812_211500_s_14.wav,KeinNatur,Natur,0.573817253112793
ls05_20230813_194500_s_26.wav,KeinNatur,KeinNatur,0.5368796586990356
ls05_20230815_024500_s_28.wav,KeinNatur,KeinNatur,0.6800169348716736
ls05_20230815_063000_s_45.wav,KeinNatur,KeinNatur,0.7779756188392639
ls06_20230512_133000_s_36.wav,KeinNatur,KeinNatur,0.7482609748840332
ls06_20230513_161500_s_46.wav,KeinNatur,KeinNatur,0.8685089349746704
ls06_20230515_121500_s_42.wav,KeinNatur,KeinNatur,0.8071662187576294
ls06_20230520_184500_s_8.wav,KeinNatur,Natur,0.6099230647087097
ls06_20230521_100000_s_10.wav,KeinNatur,KeinNatur,0.7488143444061279
ls06_20230521_153000_s_3.wav,KeinNatur,KeinNatur,0.9200558066368103
ls06_20230525_093000_s_19.wav,KeinNatur,KeinNatur,0.9233140349388123
ls06_20230526_180000_s_28.wav,KeinNatur,KeinNatur,0.8230312466621399
ls06_20230526_184500_s_42.wav,KeinNatur,KeinNatur,0.8691953420639038
ls06_20230527_200000_s_5.wav,KeinNatur,KeinNatur,0.8292609453201294
ls06_20230528_114500_s_2.wav,KeinNatur,KeinNatur,0.5607543587684631
ls06_20230528_161500_s_22.wav,KeinNatur,Natur,0.6708325743675232
ls06_20230601_161500_s_5.wav,KeinNatur,KeinNatur,0.8049877285957336
ls06_20230601_183000_s_36.wav,KeinNatur,KeinNatur,0.9269552826881409
ls06_20230602_130000_s_23.wav,KeinNatur,KeinNatur,0.594889760017395
ls06_20230604_063000_s_12.wav,KeinNatur,KeinNatur,0.8259391188621521
ls06_20230605_051500_s_32.wav,KeinNatur,KeinNatur,0.9367950558662415
ls06_20230605_131500_s_13.wav,KeinNatur,Natur,0.7578322291374207
ls06_20230607_003000_s_40.wav,KeinNatur,KeinNatur,0.8181139826774597
ls06_20230611_144500_s_13.wav,KeinNatur,Natur,0.5556707382202148
ls06_20230614_014500_s_22.wav,KeinNatur,KeinNatur,0.800006091594696
ls06_20230615_174500_s_25.wav,KeinNatur,KeinNatur,0.8526594042778015
ls06_20230618_064500_s_49.wav,KeinNatur,KeinNatur,0.6403309106826782
ls06_20230619_183000_s_51.wav,KeinNatur,KeinNatur,0.8697235584259033
ls06_20230625_041500_s_12.wav,KeinNatur,KeinNatur,0.936844527721405
ls06_20230625_050000_s_30.wav,KeinNatur,KeinNatur,0.7993984222412109
ls06_20230702_184500_s_9.wav,KeinNatur,KeinNatur,0.7063873410224915
ls06_20230709_200000_s_49.wav,KeinNatur,Natur,0.749219536781311
ls06_20230713_044500_s_40.wav,KeinNatur,Natur,0.5976539254188538
ls06_20230716_181500_s_31.wav,KeinNatur,Natur,0.904194176197052
ls06_20230717_041500_s_48.wav,KeinNatur,KeinNatur,0.8205679059028625
ls06_20230719_123000_s_11.wav,KeinNatur,KeinNatur,0.818002462387085
ls06_20230720_083000_s_4.wav,KeinNatur,Natur,0.842311441898346
ls06_20230721_020000_s_26.wav,KeinNatur,KeinNatur,0.7927157282829285
ls06_20230722_103000_s_8.wav,KeinNatur,KeinNatur,0.7767733335494995
ls06_20230727_131500_s_30.wav,KeinNatur,KeinNatur,0.9000610113143921
ls06_20230728_101500_s_3.wav,KeinNatur,KeinNatur,0.8647766709327698
ls06_20230728_223000_s_53.wav,KeinNatur,KeinNatur,0.776911735534668
ls06_20230729_171500_s_48.wav,KeinNatur,Natur,0.7847346067428589
ls06_20230730_013000_s_55.wav,KeinNatur,KeinNatur,0.8305416703224182
ls06_20230730_033000_s_26.wav,KeinNatur,KeinNatur,0.7979568839073181
ls06_20230802_021500_s_36.wav,KeinNatur,KeinNatur,0.7808042764663696
ls06_20230804_184500_s_36.wav,KeinNatur,Natur,0.5507758259773254
ls06_20230807_210000_s_3.wav,KeinNatur,KeinNatur,0.8305031061172485
ls06_20230809_094500_s_21.wav,KeinNatur,KeinNatur,0.9162784218788147
ls06_20230810_091500_s_39.wav,KeinNatur,KeinNatur,0.8602818846702576
ls06_20230810_170000_s_55.wav,KeinNatur,KeinNatur,0.8726356625556946
ls06_20230814_010000_s_9.wav,KeinNatur,KeinNatur,0.8129362463951111
ls07_20230514_001500_s_39.wav,KeinNatur,KeinNatur,0.8147906064987183
ls07_20230517_160000_s_31.wav,KeinNatur,KeinNatur,0.8280631899833679
ls07_20230518_013000_s_38.wav,KeinNatur,KeinNatur,0.805520236492157
ls07_20230518_033000_s_46.wav,KeinNatur,KeinNatur,0.9020808935165405
ls07_20230518_040000_s_41.wav,KeinNatur,KeinNatur,0.9175502061843872
ls07_20230518_090000_s_4.wav,KeinNatur,KeinNatur,0.91241055727005
ls07_20230519_054500_s_16.wav,KeinNatur,KeinNatur,0.9278173446655273
ls07_20230523_070000_s_47.wav,KeinNatur,KeinNatur,0.8162941336631775
ls07_20230529_023000_s_45.wav,KeinNatur,KeinNatur,0.8041979670524597
ls07_20230530_190000_s_19.wav,KeinNatur,KeinNatur,0.865240752696991
ls07_20230531_001500_s_44.wav,KeinNatur,KeinNatur,0.8028537034988403
ls07_20230531_174500_s_15.wav,KeinNatur,KeinNatur,0.8093857169151306
ls07_20230601_204500_s_14.wav,KeinNatur,KeinNatur,0.7613367438316345
ls07_20230602_223000_s_7.wav,KeinNatur,KeinNatur,0.8107560873031616
ls07_20230614_033000_s_28.wav,KeinNatur,KeinNatur,0.8814332485198975
ls07_20230614_044500_s_56.wav,KeinNatur,KeinNatur,0.7924464344978333
ls07_20230614_051500_s_45.wav,KeinNatur,KeinNatur,0.8885945677757263
ls07_20230615_203000_s_41.wav,KeinNatur,KeinNatur,0.7758730053901672
ls07_20230620_193000_s_11.wav,KeinNatur,KeinNatur,0.8551039099693298
ls07_20230622_000000_s_3.wav,KeinNatur,KeinNatur,0.7973328828811646
ls07_20230622_193000_s_46.wav,KeinNatur,KeinNatur,0.800123929977417
ls07_20230626_120000_s_39.wav,KeinNatur,Natur,0.5567777752876282
ls07_20230627_024500_s_42.wav,KeinNatur,KeinNatur,0.8324145674705505
ls07_20230629_124500_s_39.wav,KeinNatur,KeinNatur,0.7990661263465881
ls07_20230629_164500_s_9.wav,KeinNatur,Natur,0.72923743724823
ls07_20230702_144500_s_15.wav,KeinNatur,KeinNatur,0.8679916262626648
ls07_20230704_214500_s_16.wav,KeinNatur,KeinNatur,0.7686613202095032
ls07_20230706_214500_s_8.wav,KeinNatur,KeinNatur,0.739905834197998
ls07_20230707_090000_s_56.wav,KeinNatur,KeinNatur,0.9094292521476746
ls07_20230710_010000_s_50.wav,KeinNatur,KeinNatur,0.7885532975196838
ls07_20230710_183000_s_19.wav,KeinNatur,KeinNatur,0.8496027588844299
ls07_20230715_050000_s_1.wav,KeinNatur,KeinNatur,0.8630368113517761
ls07_20230715_103000_s_52.wav,KeinNatur,KeinNatur,0.856878936290741
ls07_20230718_103000_s_8.wav,KeinNatur,KeinNatur,0.9228708148002625
ls07_20230720_000000_s_27.wav,KeinNatur,KeinNatur,0.7752466797828674
ls07_20230721_044500_s_38.wav,KeinNatur,KeinNatur,0.8568459153175354
ls07_20230722_101500_s_31.wav,KeinNatur,KeinNatur,0.7307573556900024
ls07_20230726_023000_s_3.wav,KeinNatur,KeinNatur,0.7529752850532532
ls07_20230727_024500_s_11.wav,KeinNatur,KeinNatur,0.7320400476455688
ls07_20230730_110000_s_43.wav,KeinNatur,KeinNatur,0.7180432677268982
ls07_20230808_093000_s_43.wav,KeinNatur,KeinNatur,0.5690140128135681
ls07_20230809_151500_s_36.wav,KeinNatur,KeinNatur,0.9095637202262878
ls07_20230810_093000_s_14.wav,KeinNatur,KeinNatur,0.8774800300598145
ls07_20230811_020000_s_56.wav,KeinNatur,KeinNatur,0.8163305521011353
ls07_20230812_050000_s_12.wav,KeinNatur,KeinNatur,0.878019392490387
ls07_20230813_081500_s_34.wav,KeinNatur,KeinNatur,0.8649306893348694
ls07_20230813_104500_s_49.wav,KeinNatur,KeinNatur,0.8920546174049377
ls07_20230814_003000_s_3.wav,KeinNatur,KeinNatur,0.7729172110557556
ls07_20230814_213000_s_9.wav,KeinNatur,KeinNatur,0.7474460005760193
ls07_20230815_173000_s_40.wav,KeinNatur,KeinNatur,0.5824331045150757
ls07_20230816_003000_s_30.wav,KeinNatur,KeinNatur,0.8039348721504211
ls08_20230512_203000_s_10.wav,KeinNatur,KeinNatur,0.7945378422737122
ls08_20230516_191500_s_55.wav,KeinNatur,KeinNatur,0.7941585779190063
ls08_20230519_123000_s_25.wav,KeinNatur,KeinNatur,0.8862506747245789
ls08_20230521_033000_s_32.wav,KeinNatur,KeinNatur,0.921949565410614
ls08_20230521_091500_s_36.wav,KeinNatur,KeinNatur,0.9097903370857239
ls08_20230522_014500_s_46.wav,KeinNatur,KeinNatur,0.8273875713348389
ls08_20230524_153000_s_23.wav,KeinNatur,KeinNatur,0.8407666683197021
ls08_20230527_024500_s_45.wav,KeinNatur,KeinNatur,0.9401335716247559
ls08_20230527_113000_s_47.wav,KeinNatur,KeinNatur,0.799054741859436
ls08_20230528_031500_s_7.wav,KeinNatur,KeinNatur,0.8711032867431641
ls08_20230528_114500_s_27.wav,KeinNatur,KeinNatur,0.8868662714958191
ls08_20230529_011500_s_42.wav,KeinNatur,KeinNatur,0.8422122001647949
ls08_20230530_044500_s_17.wav,KeinNatur,KeinNatur,0.9031884074211121
ls08_20230531_070000_s_49.wav,KeinNatur,KeinNatur,0.8105977177619934
ls08_20230601_050000_s_24.wav,KeinNatur,KeinNatur,0.9032812714576721
ls08_20230601_093000_s_48.wav,KeinNatur,KeinNatur,0.9104135632514954
ls08_20230610_084500_s_19.wav,KeinNatur,KeinNatur,0.904154896736145
ls08_20230610_093000_s_25.wav,KeinNatur,Natur,0.5550830960273743
ls08_20230611_043000_s_43.wav,KeinNatur,KeinNatur,0.885994017124176
ls08_20230611_170000_s_15.wav,KeinNatur,KeinNatur,0.84807950258255
ls08_20230612_234500_s_56.wav,KeinNatur,KeinNatur,0.847846269607544
ls08_20230613_090000_s_46.wav,KeinNatur,KeinNatur,0.8269374966621399
ls08_20230614_131500_s_53.wav,KeinNatur,KeinNatur,0.9045110940933228
ls08_20230619_060000_s_25.wav,KeinNatur,KeinNatur,0.7987357974052429
ls08_20230624_071500_s_13.wav,KeinNatur,KeinNatur,0.8820847272872925
ls08_20230624_160000_s_45.wav,KeinNatur,Natur,0.8228327035903931
ls08_20230624_193000_s_24.wav,KeinNatur,KeinNatur,0.9145470857620239
ls08_20230625_171500_s_39.wav,KeinNatur,KeinNatur,0.7643038034439087
ls08_20230630_043000_s_24.wav,KeinNatur,Natur,0.6887466311454773
ls08_20230706_073000_s_30.wav,KeinNatur,KeinNatur,0.8335954546928406
ls08_20230716_020000_s_42.wav,KeinNatur,KeinNatur,0.8273313641548157
ls08_20230716_123000_s_30.wav,KeinNatur,Natur,0.8741061687469482
ls08_20230719_140000_s_41.wav,KeinNatur,KeinNatur,0.9172042608261108
ls08_20230721_100000_s_42.wav,KeinNatur,KeinNatur,0.9090007543563843
ls08_20230722_103000_s_44.wav,KeinNatur,KeinNatur,0.8844955563545227
ls08_20230723_004500_s_21.wav,KeinNatur,KeinNatur,0.8248769640922546
ls08_20230727_003000_s_9.wav,KeinNatur,KeinNatur,0.8053878545761108
ls08_20230729_124500_s_43.wav,KeinNatur,KeinNatur,0.8332685828208923
ls08_20230803_063000_s_40.wav,KeinNatur,KeinNatur,0.8961950540542603
ls08_20230803_144500_s_11.wav,KeinNatur,KeinNatur,0.9076758027076721
ls08_20230812_154500_s_18.wav,KeinNatur,KeinNatur,0.8956994414329529
ls08_20230813_030000_s_16.wav,KeinNatur,KeinNatur,0.8276321291923523
ls09_20230512_043000_s_24.wav,KeinNatur,KeinNatur,0.7530463933944702
ls09_20230513_053000_s_34.wav,KeinNatur,KeinNatur,0.7862491011619568
ls09_20230514_113000_s_16.wav,KeinNatur,KeinNatur,0.8718541860580444
ls09_20230516_170000_s_2.wav,KeinNatur,KeinNatur,0.709123432636261
ls09_20230518_183000_s_26.wav,KeinNatur,KeinNatur,0.75422602891922
ls09_20230520_223000_s_6.wav,KeinNatur,KeinNatur,0.7557337284088135
ls09_20230520_234500_s_33.wav,KeinNatur,KeinNatur,0.7680444121360779
ls09_20230522_133000_s_21.wav,KeinNatur,KeinNatur,0.837609589099884
ls09_20230522_164500_s_30.wav,KeinNatur,KeinNatur,0.9014886617660522
ls09_20230522_213000_s_0.wav,KeinNatur,KeinNatur,0.8185644745826721
ls09_20230523_113000_s_28.wav,KeinNatur,KeinNatur,0.8884313702583313
ls09_20230524_134500_s_33.wav,KeinNatur,Natur,0.620114803314209
ls09_20230525_030000_s_43.wav,KeinNatur,KeinNatur,0.8509479761123657
ls09_20230525_054500_s_14.wav,KeinNatur,KeinNatur,0.5607770085334778
ls09_20230528_021500_s_24.wav,KeinNatur,KeinNatur,0.787104070186615
ls09_20230529_064500_s_37.wav,KeinNatur,Natur,0.7020328044891357
ls09_20230531_060000_s_20.wav,KeinNatur,KeinNatur,0.510623574256897
ls09_20230603_120000_s_14.wav,KeinNatur,KeinNatur,0.8451473712921143
ls09_20230605_001500_s_27.wav,KeinNatur,KeinNatur,0.7698836922645569
ls09_20230605_234500_s_46.wav,KeinNatur,KeinNatur,0.7932580709457397
ls09_20230612_180000_s_13.wav,KeinNatur,KeinNatur,0.8203234076499939
ls09_20230614_193000_s_28.wav,KeinNatur,KeinNatur,0.796740710735321
ls09_20230620_091500_s_56.wav,KeinNatur,KeinNatur,0.9080743193626404
ls09_20230621_120000_s_3.wav,KeinNatur,KeinNatur,0.9014500975608826
ls09_20230627_133000_s_14.wav,KeinNatur,KeinNatur,0.823935866355896
ls09_20230629_141500_s_16.wav,KeinNatur,KeinNatur,0.701124370098114
ls09_20230704_151500_s_1.wav,KeinNatur,KeinNatur,0.6290456652641296
ls09_20230705_041500_s_53.wav,KeinNatur,KeinNatur,0.8233951330184937
ls09_20230707_100000_s_24.wav,KeinNatur,KeinNatur,0.9124418497085571
ls09_20230708_151500_s_29.wav,KeinNatur,KeinNatur,0.9122835993766785
ls09_20230709_023000_s_54.wav,KeinNatur,KeinNatur,0.5161679983139038
ls09_20230711_053000_s_26.wav,KeinNatur,KeinNatur,0.8993538618087769
ls09_20230716_123000_s_30.wav,KeinNatur,KeinNatur,0.8404349088668823
ls09_20230720_143000_s_54.wav,KeinNatur,KeinNatur,0.9041520357131958
ls09_20230728_110000_s_35.wav,KeinNatur,KeinNatur,0.8988022804260254
ls09_20230801_134500_s_47.wav,KeinNatur,Natur,0.5372558236122131
ls09_20230802_220000_s_43.wav,KeinNatur,KeinNatur,0.7839602828025818
ls09_20230805_063000_s_53.wav,KeinNatur,KeinNatur,0.7924218773841858
ls09_20230814_133000_s_40.wav,KeinNatur,KeinNatur,0.8295878171920776
ls09_20230814_170000_s_39.wav,KeinNatur,KeinNatur,0.8268253803253174
ls09_20230815_021500_s_43.wav,KeinNatur,KeinNatur,0.7445352673530579
ost-01-u_20230905_104500_s_42.wav,KeinNatur,KeinNatur,0.6923331022262573
ost-01-u_20230907_120000_s_39.wav,KeinNatur,KeinNatur,0.9012282490730286
ost-01-u_20230910_083000_s_22.wav,KeinNatur,KeinNatur,0.8294510245323181
ost-01-u_20230910_101500_s_54.wav,KeinNatur,KeinNatur,0.6810132265090942
ost-02-o_20230907_193000_s_33.wav,KeinNatur,Natur,0.635108470916748
ost-02-o_20230910_121500_s_6.wav,KeinNatur,KeinNatur,0.8357760310173035
ost-02-o_20230910_184500_s_50.wav,KeinNatur,KeinNatur,0.626318097114563
ost-02-o_20230911_160000_s_55.wav,KeinNatur,KeinNatur,0.6872249841690063
ost-02-u_20230906_090000_s_6.wav,KeinNatur,KeinNatur,0.7596464157104492
ost-02-u_20230909_000000_s_4.wav,KeinNatur,KeinNatur,0.8149053454399109
ost-02-u_20230909_120000_s_41.wav,KeinNatur,KeinNatur,0.8484858274459839
ost-02-u_20230912_011500_s_33.wav,KeinNatur,KeinNatur,0.7728962898254395
ost-02-u_20230913_063000_s_17.wav,KeinNatur,KeinNatur,0.6452749967575073
ost-03-o_20230905_163000_s_28.wav,KeinNatur,KeinNatur,0.7641637921333313
ost-03-o_20230906_100000_s_4.wav,KeinNatur,KeinNatur,0.7060458064079285
ost-03-o_20230907_090000_s_2.wav,KeinNatur,KeinNatur,0.7091443538665771
ost-03-o_20230909_110000_s_55.wav,KeinNatur,Natur,0.6087812185287476
ost-03-o_20230909_223000_s_1.wav,KeinNatur,KeinNatur,0.669955313205719
ost-03-u_20230905_174500_s_44.wav,KeinNatur,KeinNatur,0.7741292715072632
ost-03-u_20230906_171500_s_40.wav,KeinNatur,KeinNatur,0.7926684617996216
ost-03-u_20230910_174500_s_0.wav,KeinNatur,KeinNatur,0.7961822748184204
ost-04-o_20230906_033000_s_44.wav,KeinNatur,KeinNatur,0.5852923393249512
ost-04-u_20230905_220000_s_49.wav,KeinNatur,KeinNatur,0.7441997528076172
ost-04-u_20230912_071500_s_37.wav,KeinNatur,KeinNatur,0.6346361637115479
ost-05-m_20230905_140000_s_46.wav,KeinNatur,Natur,0.7837980389595032
ost-05-m_20230909_174500_s_47.wav,KeinNatur,KeinNatur,0.7330876588821411
ost-05-m_20230910_021500_s_49.wav,KeinNatur,KeinNatur,0.7359738349914551
ost-05-o_20230905_233000_s_55.wav,KeinNatur,Natur,0.5480222105979919
ost-05-o_20230907_013000_s_45.wav,KeinNatur,KeinNatur,0.708725094795227
ost-05-o_20230908_040000_s_56.wav,KeinNatur,KeinNatur,0.7944124937057495
ost-05-o_20230908_174500_s_17.wav,KeinNatur,KeinNatur,0.782583475112915
ost-05-u_20230909_111500_s_31.wav,KeinNatur,KeinNatur,0.5971971750259399
ost-05-u_20230910_033000_s_30.wav,KeinNatur,KeinNatur,0.6976881623268127
ost-05-u_20230912_073000_s_52.wav,KeinNatur,KeinNatur,0.7748357653617859
west-01-u_20230905_150000_s_48.wav,KeinNatur,KeinNatur,0.5398093461990356
west-01-u_20230906_004500_s_51.wav,KeinNatur,KeinNatur,0.8330047726631165
west-01-u_20230906_061500_s_10.wav,KeinNatur,KeinNatur,0.7860009670257568
west-01-u_20230907_104500_s_8.wav,KeinNatur,KeinNatur,0.8955134153366089
west-01-u_20230910_054500_s_1.wav,KeinNatur,Natur,0.6051145195960999
west-01-u_20230910_124500_s_14.wav,KeinNatur,KeinNatur,0.7355778217315674
west-01-u_20230911_134500_s_45.wav,KeinNatur,KeinNatur,0.8215368986129761
west-01-u_20230912_143000_s_4.wav,KeinNatur,KeinNatur,0.8478325009346008
west-01-u_20230912_163000_s_53.wav,KeinNatur,KeinNatur,0.7597130537033081
west-02-o_20230906_233000_s_50.wav,KeinNatur,KeinNatur,0.777137279510498
west-02-o_20230911_134500_s_23.wav,KeinNatur,Natur,0.5133203268051147
west-02-o_20230911_201500_s_2.wav,KeinNatur,KeinNatur,0.6360271573066711
west-02-u_20230909_173000_s_48.wav,KeinNatur,KeinNatur,0.7937972545623779
west-02-u_20230910_214500_s_19.wav,KeinNatur,KeinNatur,0.8008233904838562
west-03-o_20230906_020000_s_21.wav,KeinNatur,KeinNatur,0.7451492547988892
west-03-o_20230907_020000_s_52.wav,KeinNatur,KeinNatur,0.7631653547286987
west-03-o_20230909_021500_s_49.wav,KeinNatur,KeinNatur,0.7937995195388794
west-03-o_20230909_111500_s_5.wav,KeinNatur,KeinNatur,0.7799644470214844
west-03-o_20230912_194500_s_14.wav,KeinNatur,KeinNatur,0.7636833786964417
west-03-u_20230905_184500_s_30.wav,KeinNatur,KeinNatur,0.7833783626556396
west-03-u_20230906_133000_s_35.wav,KeinNatur,KeinNatur,0.9305539727210999
west-03-u_20230907_060000_s_11.wav,KeinNatur,KeinNatur,0.7576808929443359
west-03-u_20230907_111500_s_15.wav,KeinNatur,KeinNatur,0.828906774520874
west-03-u_20230908_191500_s_11.wav,KeinNatur,KeinNatur,0.638317346572876
west-03-u_20230910_234500_s_47.wav,KeinNatur,KeinNatur,0.7883626222610474
west-04-o_20230907_223000_s_29.wav,KeinNatur,KeinNatur,0.7586135268211365
west-04-o_20230910_131500_s_13.wav,KeinNatur,KeinNatur,0.5214439034461975
west-04-o_20230911_101500_s_18.wav,KeinNatur,Natur,0.5861289501190186
west-04-o_20230912_031500_s_34.wav,KeinNatur,KeinNatur,0.7486853003501892
west-04-u_20230907_154500_s_5.wav,KeinNatur,Natur,0.7084412574768066
west-05-m_20230905_164500_s_39.wav,KeinNatur,KeinNatur,0.835185706615448
west-05-m_20230909_214500_s_11.wav,KeinNatur,KeinNatur,0.7478337287902832
west-05-m_20230910_040000_s_56.wav,KeinNatur,KeinNatur,0.7560881972312927
west-05-m_20230913_060000_s_47.wav,KeinNatur,KeinNatur,0.6341135501861572
west-05-o_20230909_073000_s_19.wav,KeinNatur,KeinNatur,0.725939154624939
west-05-o_20230909_080000_s_22.wav,KeinNatur,KeinNatur,0.5285190343856812
west-05-o_20230909_083000_s_9.wav,KeinNatur,KeinNatur,0.5271796584129333
west-05-o_20230912_061500_s_2.wav,KeinNatur,KeinNatur,0.7827921509742737
west-05-u_20230906_094500_s_0.wav,KeinNatur,KeinNatur,0.783379316329956
west-05-u_20230909_170000_s_43.wav,KeinNatur,KeinNatur,0.8243927359580994
west-05-u_20230912_094500_s_35.wav,KeinNatur,KeinNatur,0.8029491901397705
west-05-u_20230913_113000_s_11.wav,KeinNatur,KeinNatur,0.8325257897377014
ls01_20230513_000000_s_44.wav,Natur,KeinNatur,0.5785922408103943
ls01_20230514_010000_s_5.wav,Natur,KeinNatur,0.6375260353088379
ls01_20230515_003000_s_37.wav,Natur,Natur,0.8753507733345032
ls01_20230519_013000_s_31.wav,Natur,Natur,0.7082726359367371
ls01_20230524_073000_s_27.wav,Natur,KeinNatur,0.5131090879440308
ls01_20230524_081500_s_15.wav,Natur,Natur,0.6071532368659973
ls01_20230524_134500_s_29.wav,Natur,Natur,0.7257046699523926
ls01_20230524_153000_s_2.wav,Natur,KeinNatur,0.7634702324867249
ls01_20230524_184500_s_35.wav,Natur,Natur,0.9112425446510315
ls01_20230524_214500_s_13.wav,Natur,Natur,0.9076368808746338
ls01_20230524_230000_s_41.wav,Natur,Natur,0.8320733904838562
ls01_20230525_230000_s_54.wav,Natur,KeinNatur,0.7213626503944397
ls01_20230530_171500_s_56.wav,Natur,Natur,0.7640067338943481
ls01_20230531_120000_s_45.wav,Natur,Natur,0.7757112979888916
ls01_20230601_153000_s_53.wav,Natur,Natur,0.6336386799812317
ls01_20230607_153000_s_56.wav,Natur,KeinNatur,0.5129510760307312
ls01_20230607_190000_s_16.wav,Natur,Natur,0.6695054173469543
ls01_20230607_214500_s_15.wav,Natur,Natur,0.8528591394424438
ls01_20230616_040000_s_43.wav,Natur,Natur,0.8481113910675049
ls01_20230617_141500_s_42.wav,Natur,Natur,0.815434992313385
ls01_20230618_203000_s_40.wav,Natur,Natur,0.9163423776626587
ls01_20230620_111500_s_23.wav,Natur,Natur,0.9950195550918579
ls01_20230628_161500_s_52.wav,Natur,Natur,0.991915762424469
ls01_20230628_174500_s_19.wav,Natur,Natur,0.8849464058876038
ls01_20230628_183000_s_44.wav,Natur,KeinNatur,0.700698971748352
ls01_20230630_191500_s_42.wav,Natur,Natur,0.8510339260101318
ls01_20230703_124500_s_9.wav,Natur,Natur,0.7350672483444214
ls01_20230711_200000_s_13.wav,Natur,Natur,0.9792321920394897
ls01_20230715_220000_s_15.wav,Natur,Natur,0.8459792733192444
ls01_20230717_163000_s_44.wav,Natur,Natur,0.9858229756355286
ls01_20230719_044500_s_14.wav,Natur,Natur,0.9895671010017395
ls01_20230719_161500_s_43.wav,Natur,Natur,0.9246403574943542
ls01_20230724_151500_s_8.wav,Natur,KeinNatur,0.6241066455841064
ls01_20230725_020000_s_48.wav,Natur,Natur,0.8189467787742615
ls01_20230725_183000_s_50.wav,Natur,Natur,0.8464891910552979
ls01_20230725_184500_s_46.wav,Natur,Natur,0.9686940908432007
ls01_20230725_204500_s_34.wav,Natur,Natur,0.8943349719047546
ls01_20230726_033000_s_36.wav,Natur,Natur,0.7858720421791077
ls01_20230728_080000_s_17.wav,Natur,Natur,0.8659337162971497
ls01_20230728_143000_s_23.wav,Natur,Natur,0.942386269569397
ls01_20230729_210000_s_49.wav,Natur,Natur,0.8589708805084229
ls01_20230804_213000_s_24.wav,Natur,Natur,0.6223756670951843
ls01_20230806_111500_s_5.wav,Natur,Natur,0.977637767791748
ls01_20230806_233000_s_15.wav,Natur,Natur,0.8832308053970337
ls01_20230807_123000_s_45.wav,Natur,Natur,0.9535906314849854
ls01_20230807_143000_s_19.wav,Natur,Natur,0.9485215544700623
ls01_20230809_131500_s_51.wav,Natur,KeinNatur,0.5336001515388489
ls01_20230815_190000_s_31.wav,Natur,Natur,0.8759616017341614
ls02_20230519_134500_s_34.wav,Natur,Natur,0.9710558652877808
ls02_20230524_173000_s_50.wav,Natur,Natur,0.9835635423660278
ls02_20230524_174500_s_36.wav,Natur,Natur,0.9764872193336487
ls02_20230524_193000_s_27.wav,Natur,Natur,0.9786473512649536
ls02_20230529_180000_s_8.wav,Natur,KeinNatur,0.6456173062324524
ls02_20230530_130000_s_14.wav,Natur,Natur,0.6704700589179993
ls02_20230608_011500_s_35.wav,Natur,Natur,0.7321586012840271
ls02_20230617_113000_s_2.wav,Natur,Natur,0.8494299054145813
ls02_20230622_121500_s_37.wav,Natur,Natur,0.7654695510864258
ls02_20230622_150000_s_40.wav,Natur,Natur,0.9893900752067566
ls02_20230623_021500_s_10.wav,Natur,Natur,0.9031463265419006
ls02_20230630_044500_s_21.wav,Natur,Natur,0.9166656136512756
ls02_20230705_104500_s_32.wav,Natur,Natur,0.9305757284164429
ls02_20230705_183000_s_53.wav,Natur,Natur,0.6951572299003601
ls02_20230706_191500_s_17.wav,Natur,Natur,0.8752296566963196
ls02_20230706_221500_s_1.wav,Natur,Natur,0.5340362787246704
ls02_20230709_124500_s_0.wav,Natur,Natur,0.8891987204551697
ls02_20230711_223000_s_25.wav,Natur,Natur,0.9849585294723511
ls02_20230712_014500_s_38.wav,Natur,Natur,0.8307490348815918
ls02_20230713_033000_s_30.wav,Natur,KeinNatur,0.8502209186553955
ls02_20230714_121500_s_12.wav,Natur,Natur,0.9958122372627258
ls02_20230718_101500_s_54.wav,Natur,Natur,0.9317614436149597
ls02_20230718_141500_s_41.wav,Natur,Natur,0.7397018671035767
ls02_20230719_233000_s_41.wav,Natur,Natur,0.8587679266929626
ls02_20230720_001500_s_56.wav,Natur,Natur,0.5435965061187744
ls02_20230721_120000_s_20.wav,Natur,KeinNatur,0.7102406024932861
ls02_20230721_173000_s_41.wav,Natur,KeinNatur,0.559447705745697
ls02_20230721_200000_s_0.wav,Natur,Natur,0.8930949568748474
ls02_20230721_210000_s_21.wav,Natur,Natur,0.502551257610321
ls02_20230724_090000_s_51.wav,Natur,Natur,0.9832369685173035
ls02_20230724_124500_s_40.wav,Natur,Natur,0.9762210845947266
ls02_20230725_020000_s_16.wav,Natur,Natur,0.896396815776825
ls02_20230804_021500_s_2.wav,Natur,Natur,0.9473254084587097
ls02_20230805_004500_s_20.wav,Natur,Natur,0.6492630243301392
ls03_20230512_094500_s_18.wav,Natur,KeinNatur,0.5959585905075073
ls03_20230512_174500_s_47.wav,Natur,KeinNatur,0.6900029182434082
ls03_20230513_094500_s_37.wav,Natur,Natur,0.9964430928230286
ls03_20230513_234500_s_56.wav,Natur,Natur,0.7110549807548523
ls03_20230515_134500_s_2.wav,Natur,Natur,0.5683875679969788
ls03_20230516_034500_s_23.wav,Natur,Natur,0.9345252513885498
ls03_20230517_113000_s_34.wav,Natur,Natur,0.9101505279541016
ls03_20230517_210000_s_56.wav,Natur,Natur,0.9280575513839722
ls03_20230519_001500_s_31.wav,Natur,KeinNatur,0.61971116065979
ls03_20230519_020000_s_21.wav,Natur,KeinNatur,0.6116719245910645
ls03_20230520_080000_s_1.wav,Natur,Natur,0.7329055666923523
ls03_20230520_103000_s_40.wav,Natur,Natur,0.7086796164512634
ls03_20230520_140000_s_2.wav,Natur,KeinNatur,0.7751118540763855
ls03_20230521_133000_s_38.wav,Natur,KeinNatur,0.5245372653007507
ls03_20230522_174500_s_26.wav,Natur,Natur,0.5130833387374878
ls03_20230524_174500_s_39.wav,Natur,Natur,0.9336218237876892
ls03_20230524_194500_s_29.wav,Natur,Natur,0.925256609916687
ls03_20230525_083000_s_54.wav,Natur,KeinNatur,0.5942288041114807
ls03_20230526_190000_s_56.wav,Natur,KeinNatur,0.8622121810913086
ls03_20230528_111500_s_54.wav,Natur,Natur,0.6637106537818909
ls03_20230531_170000_s_2.wav,Natur,Natur,0.9783343076705933
ls03_20230602_184500_s_22.wav,Natur,Natur,0.9689476490020752
ls03_20230612_174500_s_24.wav,Natur,Natur,0.8894760012626648
ls03_20230618_133000_s_42.wav,Natur,Natur,0.9957927465438843
ls03_20230619_143000_s_53.wav,Natur,Natur,0.9959685802459717
ls03_20230622_093000_s_17.wav,Natur,Natur,0.9789039492607117
ls03_20230624_210000_s_27.wav,Natur,Natur,0.993597149848938
ls03_20230625_180000_s_30.wav,Natur,Natur,0.6972891688346863
ls03_20230630_183000_s_30.wav,Natur,KeinNatur,0.8092275261878967
ls03_20230705_001500_s_30.wav,Natur,Natur,0.5126723647117615
ls03_20230705_011500_s_46.wav,Natur,KeinNatur,0.6389089822769165
ls03_20230705_154500_s_30.wav,Natur,KeinNatur,0.8464627861976624
ls03_20230706_170000_s_10.wav,Natur,KeinNatur,0.5390944480895996
ls03_20230706_191500_s_5.wav,Natur,KeinNatur,0.7812686562538147
ls03_20230711_154500_s_20.wav,Natur,Natur,0.9976587295532227
ls03_20230712_220000_s_12.wav,Natur,Natur,0.9527550339698792
ls03_20230713_004500_s_8.wav,Natur,Natur,0.8371886014938354
ls03_20230716_114500_s_56.wav,Natur,Natur,0.8823389410972595
ls03_20230719_173000_s_44.wav,Natur,Natur,0.8771558403968811
ls03_20230719_174500_s_46.wav,Natur,Natur,0.7327173352241516
ls03_20230719_203000_s_6.wav,Natur,Natur,0.7695186734199524
ls03_20230724_203000_s_27.wav,Natur,Natur,0.5222347974777222
ls03_20230725_051500_s_48.wav,Natur,Natur,0.6688582301139832
ls03_20230726_121500_s_35.wav,Natur,Natur,0.9395904541015625
ls03_20230728_210000_s_34.wav,Natur,Natur,0.8104133605957031
ls03_20230802_154500_s_12.wav,Natur,Natur,0.7296935319900513
ls03_20230803_220000_s_0.wav,Natur,Natur,0.8462201356887817
ls03_20230804_021500_s_41.wav,Natur,Natur,0.947869062423706
ls03_20230805_104500_s_32.wav,Natur,Natur,0.8068860173225403
ls03_20230806_194500_s_53.wav,Natur,KeinNatur,0.7288532257080078
ls04_20230511_154500_s_32.wav,Natur,Natur,0.9163448810577393
ls04_20230512_091500_s_32.wav,Natur,KeinNatur,0.9091874361038208
ls04_20230513_144500_s_24.wav,Natur,Natur,0.8294529914855957
ls04_20230514_183000_s_5.wav,Natur,Natur,0.9115005731582642
ls04_20230515_100000_s_25.wav,Natur,KeinNatur,0.5741553902626038
ls04_20230516_194500_s_0.wav,Natur,Natur,0.9835659861564636
ls04_20230523_170000_s_49.wav,Natur,KeinNatur,0.5306613445281982
ls04_20230524_163000_s_54.wav,Natur,Natur,0.9424911141395569
ls04_20230524_224500_s_39.wav,Natur,Natur,0.7609862685203552
ls04_20230529_104500_s_28.wav,Natur,Natur,0.6700847744941711
ls04_20230530_134500_s_51.wav,Natur,Natur,0.9804564714431763
ls04_20230602_163000_s_16.wav,Natur,Natur,0.774623453617096
ls04_20230604_111500_s_55.wav,Natur,KeinNatur,0.5308948755264282
ls04_20230605_180000_s_28.wav,Natur,KeinNatur,0.9130752682685852
ls04_20230607_113000_s_46.wav,Natur,Natur,0.9634657502174377
ls04_20230615_030000_s_43.wav,Natur,Natur,0.5670199990272522
ls04_20230617_141500_s_29.wav,Natur,KeinNatur,0.8969437479972839
ls04_20230618_134500_s_50.wav,Natur,Natur,0.9932664632797241
ls04_20230618_144500_s_6.wav,Natur,Natur,0.969723105430603
ls04_20230619_134500_s_24.wav,Natur,Natur,0.9854997992515564
ls04_20230620_174500_s_18.wav,Natur,Natur,0.9948545694351196
ls04_20230624_141500_s_1.wav,Natur,Natur,0.8657468557357788
ls04_20230627_154500_s_11.wav,Natur,KeinNatur,0.6425797939300537
ls04_20230628_021500_s_4.wav,Natur,Natur,0.7519968748092651
ls04_20230628_133000_s_54.wav,Natur,Natur,0.8946810960769653
ls04_20230628_144500_s_40.wav,Natur,Natur,0.9362510442733765
ls04_20230628_201500_s_6.wav,Natur,KeinNatur,0.5500659942626953
ls04_20230630_183000_s_33.wav,Natur,Natur,0.9397256970405579
ls04_20230703_124500_s_51.wav,Natur,KeinNatur,0.5441544055938721
ls04_20230705_000000_s_49.wav,Natur,Natur,0.9820307493209839
ls04_20230705_031500_s_11.wav,Natur,KeinNatur,0.6779929995536804
ls04_20230712_070000_s_35.wav,Natur,Natur,0.959665834903717
ls04_20230712_230000_s_55.wav,Natur,Natur,0.8327587842941284
ls04_20230715_173000_s_4.wav,Natur,Natur,0.9463421702384949
ls04_20230717_140000_s_40.wav,Natur,Natur,0.6382982730865479
ls04_20230720_151500_s_6.wav,Natur,Natur,0.893458902835846
ls04_20230720_154500_s_33.wav,Natur,Natur,0.9356741905212402
ls04_20230721_121500_s_9.wav,Natur,Natur,0.5898085236549377
ls04_20230725_170000_s_46.wav,Natur,Natur,0.8696713447570801
ls04_20230726_163000_s_2.wav,Natur,Natur,0.924589991569519
ls04_20230728_190000_s_27.wav,Natur,Natur,0.8881785273551941
ls04_20230730_043000_s_29.wav,Natur,KeinNatur,0.6505920886993408
ls04_20230803_031500_s_15.wav,Natur,Natur,0.5869552493095398
ls04_20230804_204500_s_45.wav,Natur,Natur,0.787154495716095
ls04_20230806_194500_s_50.wav,Natur,Natur,0.6008915305137634
ls04_20230807_193000_s_42.wav,Natur,Natur,0.9423928260803223
ls04_20230810_104500_s_6.wav,Natur,Natur,0.89391028881073
ls05_20230512_154500_s_0.wav,Natur,Natur,0.9760991930961609
ls05_20230512_214500_s_22.wav,Natur,KeinNatur,0.701690673828125
ls05_20230512_220000_s_36.wav,Natur,Natur,0.8734846115112305
ls05_20230513_100000_s_10.wav,Natur,Natur,0.8985127806663513
ls05_20230514_013000_s_6.wav,Natur,Natur,0.7342277765274048
ls05_20230514_091500_s_47.wav,Natur,Natur,0.9635869264602661
ls05_20230514_143000_s_33.wav,Natur,Natur,0.9921566247940063
ls05_20230519_030000_s_8.wav,Natur,KeinNatur,0.6443793177604675
ls05_20230519_134500_s_20.wav,Natur,Natur,0.794097363948822
ls05_20230520_121500_s_39.wav,Natur,Natur,0.9720487594604492
ls05_20230522_024500_s_15.wav,Natur,Natur,0.5247172713279724
ls05_20230522_124500_s_12.wav,Natur,Natur,0.508500874042511
ls05_20230523_151500_s_4.wav,Natur,Natur,0.7949439883232117
ls05_20230524_081500_s_21.wav,Natur,Natur,0.7066463828086853
ls05_20230524_083000_s_9.wav,Natur,KeinNatur,0.6732398867607117
ls05_20230524_160000_s_4.wav,Natur,Natur,0.684450626373291
ls05_20230524_234500_s_12.wav,Natur,Natur,0.6786672472953796
ls05_20230525_021500_s_9.wav,Natur,Natur,0.6375102400779724
ls05_20230529_090000_s_18.wav,Natur,Natur,0.9011653661727905
ls05_20230530_194500_s_40.wav,Natur,KeinNatur,0.6377313137054443
ls05_20230605_171500_s_12.wav,Natur,Natur,0.9445844292640686
ls05_20230606_111500_s_21.wav,Natur,KeinNatur,0.676480770111084
ls05_20230606_170000_s_36.wav,Natur,Natur,0.9500420093536377
ls05_20230607_191500_s_34.wav,Natur,Natur,0.8086393475532532
ls05_20230608_110000_s_44.wav,Natur,Natur,0.6235164999961853
ls05_20230608_211500_s_33.wav,Natur,KeinNatur,0.8248054385185242
ls05_20230609_180000_s_12.wav,Natur,Natur,0.9611595273017883
ls05_20230616_161500_s_12.wav,Natur,Natur,0.7239067554473877
ls05_20230620_010000_s_40.wav,Natur,KeinNatur,0.7833726406097412
ls05_20230620_093000_s_53.wav,Natur,KeinNatur,0.8319677710533142
ls05_20230622_111500_s_12.wav,Natur,Natur,0.6018586158752441
ls05_20230623_050000_s_3.wav,Natur,Natur,0.5016241669654846
ls05_20230623_093000_s_40.wav,Natur,Natur,0.9880772829055786
ls05_20230623_230000_s_21.wav,Natur,Natur,0.7897641062736511
ls05_20230627_171500_s_26.wav,Natur,Natur,0.9970888495445251
ls05_20230628_160000_s_19.wav,Natur,Natur,0.9012050032615662
ls05_20230628_163000_s_22.wav,Natur,Natur,0.8807712197303772
ls05_20230629_203000_s_27.wav,Natur,Natur,0.9328303933143616
ls05_20230629_210000_s_52.wav,Natur,Natur,0.5742244124412537
ls05_20230630_031500_s_38.wav,Natur,Natur,0.9348165392875671
ls05_20230630_194500_s_27.wav,Natur,Natur,0.9912676215171814
ls05_20230701_140000_s_10.wav,Natur,Natur,0.984110951423645
ls05_20230702_121500_s_19.wav,Natur,Natur,0.9274703860282898
ls05_20230704_100000_s_3.wav,Natur,Natur,0.7832049131393433
ls05_20230705_104500_s_51.wav,Natur,KeinNatur,0.5994332432746887
ls05_20230713_050000_s_36.wav,Natur,Natur,0.8696534037590027
ls05_20230714_134500_s_33.wav,Natur,Natur,0.9595339894294739
ls05_20230718_144500_s_46.wav,Natur,Natur,0.5800710320472717
ls05_20230720_110000_s_7.wav,Natur,Natur,0.9386945366859436
ls05_20230721_120000_s_33.wav,Natur,KeinNatur,0.8729297518730164
ls05_20230724_120000_s_19.wav,Natur,KeinNatur,0.663040280342102
ls05_20230725_054500_s_24.wav,Natur,KeinNatur,0.9101541042327881
ls05_20230725_080000_s_9.wav,Natur,KeinNatur,0.7885326147079468
ls05_20230725_184500_s_14.wav,Natur,KeinNatur,0.7714308500289917
ls05_20230726_161500_s_10.wav,Natur,Natur,0.9966631531715393
ls05_20230728_193000_s_6.wav,Natur,KeinNatur,0.596987247467041
ls05_20230729_010000_s_44.wav,Natur,Natur,0.7608159780502319
ls05_20230729_204500_s_53.wav,Natur,KeinNatur,0.680322527885437
ls05_20230729_211500_s_17.wav,Natur,Natur,0.8863330483436584
ls05_20230729_221500_s_37.wav,Natur,Natur,0.8236055374145508
ls05_20230801_144500_s_9.wav,Natur,Natur,0.7530564069747925
ls05_20230803_030000_s_52.wav,Natur,Natur,0.947555661201477
ls05_20230803_140000_s_39.wav,Natur,KeinNatur,0.806454062461853
ls05_20230804_001500_s_33.wav,Natur,Natur,0.7068077325820923
ls05_20230804_114500_s_5.wav,Natur,KeinNatur,0.8394007086753845
ls05_20230806_223000_s_15.wav,Natur,Natur,0.9890838265419006
ls05_20230810_090000_s_45.wav,Natur,Natur,0.9948557615280151
ls06_20230513_160000_s_52.wav,Natur,Natur,0.694469690322876
ls06_20230513_181500_s_18.wav,Natur,Natur,0.8402383923530579
ls06_20230513_203000_s_11.wav,Natur,Natur,0.6656500697135925
ls06_20230517_053000_s_50.wav,Natur,Natur,0.7352619767189026
ls06_20230519_231500_s_12.wav,Natur,Natur,0.984443187713623
ls06_20230520_044500_s_26.wav,Natur,KeinNatur,0.7616264224052429
ls06_20230520_070000_s_18.wav,Natur,Natur,0.9976990818977356
ls06_20230520_114500_s_17.wav,Natur,Natur,0.8214433193206787
ls06_20230524_100000_s_39.wav,Natur,Natur,0.9187095165252686
ls06_20230525_114500_s_11.wav,Natur,Natur,0.9959250688552856
ls06_20230527_201500_s_23.wav,Natur,Natur,0.9456202983856201
ls06_20230528_190000_s_25.wav,Natur,Natur,0.9818148016929626
ls06_20230602_053000_s_41.wav,Natur,Natur,0.914726972579956
ls06_20230603_023000_s_34.wav,Natur,Natur,0.927207350730896
ls06_20230604_104500_s_51.wav,Natur,KeinNatur,0.5913766622543335
ls06_20230605_114500_s_29.wav,Natur,Natur,0.9891397953033447
ls06_20230606_101500_s_16.wav,Natur,Natur,0.947943925857544
ls06_20230607_194500_s_32.wav,Natur,Natur,0.5798687934875488
ls06_20230607_213000_s_52.wav,Natur,Natur,0.6508169174194336
ls06_20230609_051500_s_13.wav,Natur,Natur,0.9284616112709045
ls06_20230611_043000_s_33.wav,Natur,Natur,0.9208559393882751
ls06_20230611_084500_s_8.wav,Natur,Natur,0.9065460562705994
ls06_20230612_093000_s_19.wav,Natur,Natur,0.9564972519874573
ls06_20230613_110000_s_37.wav,Natur,Natur,0.978718638420105
ls06_20230614_100000_s_53.wav,Natur,Natur,0.9781761765480042
ls06_20230614_213000_s_28.wav,Natur,Natur,0.8365777134895325
ls06_20230618_173000_s_55.wav,Natur,Natur,0.963935375213623
ls06_20230620_030000_s_43.wav,Natur,Natur,0.8613510131835938
ls06_20230620_143000_s_7.wav,Natur,Natur,0.9913486838340759
ls06_20230620_151500_s_41.wav,Natur,Natur,0.9985319375991821
ls06_20230620_223000_s_6.wav,Natur,Natur,0.9866270422935486
ls06_20230622_231500_s_13.wav,Natur,Natur,0.7499695420265198
ls06_20230626_221500_s_18.wav,Natur,Natur,0.9411861896514893
ls06_20230627_201500_s_10.wav,Natur,Natur,0.6736870408058167
ls06_20230628_103000_s_34.wav,Natur,Natur,0.9960696697235107
ls06_20230628_144500_s_13.wav,Natur,Natur,0.9016972780227661
ls06_20230630_113000_s_46.wav,Natur,Natur,0.9586580395698547
ls06_20230701_133000_s_48.wav,Natur,Natur,0.993198037147522
ls06_20230701_190000_s_33.wav,Natur,KeinNatur,0.7618323564529419
ls06_20230702_110000_s_11.wav,Natur,Natur,0.891392171382904
ls06_20230704_114500_s_17.wav,Natur,Natur,0.984015941619873
ls06_20230705_134500_s_29.wav,Natur,KeinNatur,0.6137441992759705
ls06_20230706_201500_s_24.wav,Natur,Natur,0.8722980618476868
ls06_20230707_094500_s_1.wav,Natur,KeinNatur,0.6966614127159119
ls06_20230709_000000_s_5.wav,Natur,Natur,0.9122836589813232
ls06_20230709_021500_s_15.wav,Natur,Natur,0.746116042137146
ls06_20230711_193000_s_47.wav,Natur,Natur,0.9692443013191223
ls06_20230712_060000_s_4.wav,Natur,Natur,0.8596124649047852
ls06_20230713_203000_s_35.wav,Natur,Natur,0.9818955659866333
ls06_20230716_121500_s_14.wav,Natur,Natur,0.9914147257804871
ls06_20230716_160000_s_4.wav,Natur,Natur,0.9937034249305725
ls06_20230717_013000_s_40.wav,Natur,Natur,0.8966556191444397
ls06_20230717_211500_s_30.wav,Natur,Natur,0.9384942650794983
ls06_20230718_054500_s_1.wav,Natur,Natur,0.8452038764953613
ls06_20230718_133000_s_17.wav,Natur,Natur,0.8615949153900146
ls06_20230719_140000_s_16.wav,Natur,Natur,0.8975303173065186
ls06_20230719_181500_s_44.wav,Natur,KeinNatur,0.6827569007873535
ls06_20230721_084500_s_6.wav,Natur,Natur,0.8739323019981384
ls06_20230721_113000_s_37.wav,Natur,Natur,0.9814308881759644
ls06_20230724_060000_s_23.wav,Natur,Natur,0.8696261048316956
ls06_20230724_074500_s_38.wav,Natur,Natur,0.764421284198761
ls06_20230724_170000_s_15.wav,Natur,KeinNatur,0.90586256980896
ls06_20230726_081500_s_43.wav,Natur,Natur,0.8681727647781372
ls06_20230726_140000_s_49.wav,Natur,Natur,0.9712603092193604
ls06_20230727_164500_s_27.wav,Natur,Natur,0.6152734756469727
ls06_20230729_093000_s_4.wav,Natur,KeinNatur,0.6813185214996338
ls06_20230801_003000_s_39.wav,Natur,Natur,0.9893604516983032
ls06_20230802_010000_s_20.wav,Natur,Natur,0.8928800225257874
ls06_20230802_014500_s_6.wav,Natur,Natur,0.825313925743103
ls06_20230802_133000_s_5.wav,Natur,Natur,0.964401125907898
ls06_20230803_030000_s_23.wav,Natur,KeinNatur,0.8004064559936523
ls06_20230804_204500_s_9.wav,Natur,Natur,0.5706986784934998
ls06_20230808_010000_s_7.wav,Natur,Natur,0.9552449584007263
ls06_20230814_181500_s_3.wav,Natur,KeinNatur,0.6038517951965332
ls06_20230815_141500_s_1.wav,Natur,Natur,0.8934354186058044
ls07_20230512_121500_s_54.wav,Natur,Natur,0.9876664876937866
ls07_20230512_173000_s_40.wav,Natur,KeinNatur,0.7756801843643188
ls07_20230512_200000_s_14.wav,Natur,KeinNatur,0.5961242914199829
ls07_20230517_091500_s_44.wav,Natur,Natur,0.9916227459907532
ls07_20230517_210000_s_40.wav,Natur,Natur,0.8600444793701172
ls07_20230519_170000_s_15.wav,Natur,Natur,0.9196354150772095
ls07_20230519_193000_s_53.wav,Natur,Natur,0.9455084800720215
ls07_20230520_041500_s_11.wav,Natur,Natur,0.9803844094276428
ls07_20230521_050000_s_21.wav,Natur,Natur,0.9039856195449829
ls07_20230524_180000_s_49.wav,Natur,Natur,0.7978613972663879
ls07_20230525_101500_s_20.wav,Natur,Natur,0.9581164121627808
ls07_20230529_104500_s_16.wav,Natur,Natur,0.925258457660675
ls07_20230530_153000_s_45.wav,Natur,Natur,0.8171617984771729
ls07_20230602_090000_s_21.wav,Natur,Natur,0.9946354031562805
ls07_20230608_101500_s_50.wav,Natur,Natur,0.8297516107559204
ls07_20230608_153000_s_30.wav,Natur,Natur,0.9620484113693237
ls07_20230609_233000_s_0.wav,Natur,Natur,0.814664363861084
ls07_20230610_161500_s_52.wav,Natur,Natur,0.9944455623626709
ls07_20230619_173000_s_53.wav,Natur,KeinNatur,0.5640698075294495
ls07_20230626_161500_s_47.wav,Natur,Natur,0.9514591097831726
ls07_20230627_130000_s_54.wav,Natur,Natur,0.9903610944747925
ls07_20230627_184500_s_29.wav,Natur,Natur,0.5597696900367737
ls07_20230629_210000_s_31.wav,Natur,Natur,0.8674091696739197
ls07_20230630_020000_s_15.wav,Natur,Natur,0.5271708369255066
ls07_20230702_101500_s_51.wav,Natur,KeinNatur,0.7369548082351685
ls07_20230706_194500_s_53.wav,Natur,KeinNatur,0.6462215185165405
ls07_20230707_061500_s_2.wav,Natur,Natur,0.6874886751174927
ls07_20230710_083000_s_38.wav,Natur,KeinNatur,0.6131123304367065
ls07_20230711_063000_s_11.wav,Natur,KeinNatur,0.8207709789276123
ls07_20230712_221500_s_12.wav,Natur,Natur,0.9162865281105042
ls07_20230716_094500_s_15.wav,Natur,Natur,0.678255021572113
ls07_20230719_193000_s_40.wav,Natur,KeinNatur,0.6306438446044922
ls07_20230720_060000_s_36.wav,Natur,KeinNatur,0.7525380849838257
ls07_20230720_060000_s_37.wav,Natur,KeinNatur,0.7220264673233032
ls07_20230721_063000_s_11.wav,Natur,KeinNatur,0.7435489296913147
ls07_20230728_211500_s_26.wav,Natur,Natur,0.6927945613861084
ls07_20230729_224500_s_27.wav,Natur,Natur,0.7479087114334106
ls07_20230730_023000_s_19.wav,Natur,KeinNatur,0.6914490461349487
ls07_20230808_154500_s_23.wav,Natur,Natur,0.8090461492538452
ls07_20230810_171500_s_13.wav,Natur,Natur,0.9013505578041077
ls07_20230813_213000_s_53.wav,Natur,Natur,0.5131699442863464
ls08_20230511_131500_s_29.wav,Natur,Natur,0.7588741183280945
ls08_20230513_130000_s_0.wav,Natur,KeinNatur,0.6283168792724609
ls08_20230515_140000_s_10.wav,Natur,Natur,0.9975512623786926
ls08_20230517_000000_s_33.wav,Natur,KeinNatur,0.8044193983078003
ls08_20230524_233000_s_30.wav,Natur,KeinNatur,0.8347066044807434
ls08_20230527_071500_s_12.wav,Natur,KeinNatur,0.7874531149864197
ls08_20230604_110000_s_28.wav,Natur,KeinNatur,0.8338075876235962
ls08_20230606_211500_s_45.wav,Natur,KeinNatur,0.8246281147003174
ls08_20230608_064500_s_24.wav,Natur,KeinNatur,0.7972332835197449
ls08_20230608_190000_s_3.wav,Natur,KeinNatur,0.8480843901634216
ls08_20230608_193000_s_1.wav,Natur,Natur,0.9530777335166931
ls08_20230613_084500_s_32.wav,Natur,Natur,0.6468589305877686
ls08_20230625_211500_s_19.wav,Natur,Natur,0.9038327932357788
ls08_20230630_063000_s_52.wav,Natur,KeinNatur,0.8229092955589294
ls08_20230702_004500_s_56.wav,Natur,KeinNatur,0.8083857297897339
ls08_20230702_131500_s_26.wav,Natur,Natur,0.9222022294998169
ls08_20230702_184500_s_55.wav,Natur,Natur,0.6869766116142273
ls08_20230703_093000_s_50.wav,Natur,KeinNatur,0.6227818727493286
ls08_20230703_161500_s_9.wav,Natur,KeinNatur,0.8137514591217041
ls08_20230704_150000_s_5.wav,Natur,KeinNatur,0.7588236331939697
ls08_20230705_001500_s_5.wav,Natur,Natur,0.8377601504325867
ls08_20230705_003000_s_50.wav,Natur,KeinNatur,0.7831533551216125
ls08_20230705_103000_s_30.wav,Natur,KeinNatur,0.786989688873291
ls08_20230711_141500_s_5.wav,Natur,Natur,0.8189267516136169
ls08_20230716_050000_s_21.wav,Natur,KeinNatur,0.5061241984367371
ls08_20230719_223000_s_24.wav,Natur,KeinNatur,0.8025342226028442
ls08_20230721_184500_s_54.wav,Natur,KeinNatur,0.7159940004348755
ls08_20230724_084500_s_44.wav,Natur,KeinNatur,0.8718015551567078
ls08_20230724_130000_s_17.wav,Natur,Natur,0.973042368888855
ls08_20230725_031500_s_45.wav,Natur,Natur,0.9500425457954407
ls08_20230730_011500_s_4.wav,Natur,KeinNatur,0.8067023158073425
ls08_20230731_093000_s_7.wav,Natur,Natur,0.9361370205879211
ls08_20230804_010000_s_11.wav,Natur,Natur,0.6112787127494812
ls08_20230804_024500_s_2.wav,Natur,KeinNatur,0.6621447205543518
ls08_20230805_020000_s_2.wav,Natur,KeinNatur,0.8236890435218811
ls08_20230807_090000_s_0.wav,Natur,Natur,0.5422267913818359
ls08_20230815_181500_s_29.wav,Natur,Natur,0.930407702922821
ls08_20230815_194500_s_44.wav,Natur,KeinNatur,0.7926048636436462
ls08_20230816_020000_s_34.wav,Natur,KeinNatur,0.8180863857269287
ls09_20230512_221500_s_16.wav,Natur,Natur,0.7065838575363159
ls09_20230516_221500_s_13.wav,Natur,KeinNatur,0.7048633098602295
ls09_20230520_011500_s_25.wav,Natur,Natur,0.5587984919548035
ls09_20230520_163000_s_1.wav,Natur,KeinNatur,0.5026280283927917
ls09_20230520_180000_s_53.wav,Natur,Natur,0.843966543674469
ls09_20230524_220000_s_2.wav,Natur,Natur,0.9117316007614136
ls09_20230527_153000_s_23.wav,Natur,Natur,0.6638367772102356
ls09_20230531_051500_s_41.wav,Natur,KeinNatur,0.746536910533905
ls09_20230604_164500_s_24.wav,Natur,KeinNatur,0.5701695680618286
ls09_20230605_054500_s_40.wav,Natur,KeinNatur,0.8538956642150879
ls09_20230608_094500_s_35.wav,Natur,Natur,0.6000861525535583
ls09_20230608_134500_s_39.wav,Natur,Natur,0.6907715797424316
ls09_20230619_104500_s_32.wav,Natur,Natur,0.5070570111274719
ls09_20230619_133000_s_27.wav,Natur,Natur,0.9921022057533264
ls09_20230623_154500_s_19.wav,Natur,Natur,0.7490847706794739
ls09_20230629_204500_s_50.wav,Natur,KeinNatur,0.6658822894096375
ls09_20230630_064500_s_32.wav,Natur,KeinNatur,0.6935597658157349
ls09_20230704_130000_s_33.wav,Natur,Natur,0.530612587928772
ls09_20230705_003000_s_4.wav,Natur,Natur,0.8712959289550781
ls09_20230706_090000_s_3.wav,Natur,Natur,0.9762058258056641
ls09_20230706_094500_s_53.wav,Natur,Natur,0.8290916085243225
ls09_20230711_233000_s_29.wav,Natur,Natur,0.8667259812355042
ls09_20230712_003000_s_22.wav,Natur,Natur,0.9271475076675415
ls09_20230716_091500_s_21.wav,Natur,Natur,0.6675688028335571
ls09_20230720_131500_s_14.wav,Natur,KeinNatur,0.8888152241706848
ls09_20230723_124500_s_14.wav,Natur,Natur,0.9485093355178833
ls09_20230725_110000_s_11.wav,Natur,KeinNatur,0.5736455917358398
ls09_20230725_110000_s_13.wav,Natur,KeinNatur,0.6107578873634338
ls09_20230729_151500_s_46.wav,Natur,KeinNatur,0.501763105392456
ls09_20230729_230000_s_47.wav,Natur,KeinNatur,0.5317711234092712
ls09_20230802_151500_s_5.wav,Natur,Natur,0.9872406125068665
ls09_20230803_001500_s_42.wav,Natur,Natur,0.7037743926048279
ls09_20230807_021500_s_19.wav,Natur,Natur,0.6742098927497864
ls09_20230810_141500_s_50.wav,Natur,Natur,0.5930084586143494
ls09_20230814_133000_s_19.wav,Natur,Natur,0.9818835258483887
ost-01-u_20230911_053000_s_30.wav,Natur,KeinNatur,0.5305945873260498
ost-01-u_20230912_164500_s_9.wav,Natur,KeinNatur,0.5750926733016968
ost-01-u_20230913_030000_s_16.wav,Natur,Natur,0.8169501423835754
ost-01-u_20230913_033000_s_31.wav,Natur,Natur,0.800704300403595
ost-02-o_20230913_060000_s_25.wav,Natur,KeinNatur,0.8932715058326721
ost-02-o_20230913_073000_s_50.wav,Natur,Natur,0.6309151649475098
ost-02-o_20230913_101500_s_6.wav,Natur,KeinNatur,0.5329710841178894
ost-02-u_20230905_190000_s_3.wav,Natur,Natur,0.6314886212348938
ost-02-u_20230906_153000_s_25.wav,Natur,Natur,0.6136058568954468
ost-02-u_20230912_184500_s_33.wav,Natur,Natur,0.9457564353942871
ost-02-u_20230913_053000_s_31.wav,Natur,Natur,0.8327237367630005
ost-03-o_20230910_123000_s_23.wav,Natur,KeinNatur,0.5700134634971619
ost-03-o_20230912_180000_s_53.wav,Natur,KeinNatur,0.506446361541748
ost-03-o_20230912_200000_s_26.wav,Natur,Natur,0.8244777917861938
ost-03-o_20230913_090000_s_52.wav,Natur,Natur,0.9542151093482971
ost-03-o_20230913_091500_s_37.wav,Natur,Natur,0.9435659646987915
ost-03-u_20230911_071500_s_34.wav,Natur,KeinNatur,0.7470867037773132
ost-03-u_20230912_190000_s_53.wav,Natur,Natur,0.5305010676383972
ost-03-u_20230913_091500_s_14.wav,Natur,Natur,0.9178527593612671
ost-04-u_20230907_143000_s_52.wav,Natur,Natur,0.7695289850234985
ost-04-u_20230908_040000_s_8.wav,Natur,KeinNatur,0.7045287489891052
ost-04-u_20230908_051500_s_5.wav,Natur,KeinNatur,0.6612415313720703
ost-05-m_20230906_110000_s_56.wav,Natur,KeinNatur,0.574128270149231
ost-05-m_20230911_161500_s_15.wav,Natur,Natur,0.9137083292007446
ost-05-m_20230913_030000_s_15.wav,Natur,Natur,0.7415130138397217
ost-05-m_20230913_031500_s_56.wav,Natur,KeinNatur,0.5605404376983643
ost-05-o_20230905_141500_s_46.wav,Natur,Natur,0.9018340706825256
ost-05-o_20230905_200000_s_7.wav,Natur,Natur,0.7688463926315308
ost-05-o_20230913_024500_s_21.wav,Natur,Natur,0.9315465092658997
ost-05-u_20230912_184500_s_0.wav,Natur,Natur,0.6098362803459167
ost-05-u_20230913_094500_s_47.wav,Natur,Natur,0.7924711108207703
west-01-u_20230906_230000_s_39.wav,Natur,KeinNatur,0.6477553248405457
west-01-u_20230908_130000_s_56.wav,Natur,Natur,0.731209397315979
west-01-u_20230911_084500_s_45.wav,Natur,Natur,0.7268779873847961
west-02-o_20230912_164500_s_4.wav,Natur,Natur,0.7792949676513672
west-02-o_20230913_090000_s_13.wav,Natur,Natur,0.9074419736862183
west-03-o_20230906_144500_s_51.wav,Natur,Natur,0.6723880767822266
west-03-o_20230907_130000_s_30.wav,Natur,Natur,0.8930396437644958
west-03-o_20230910_141500_s_3.wav,Natur,Natur,0.7875962853431702
west-03-o_20230913_133000_s_48.wav,Natur,Natur,0.9858711361885071
west-03-u_20230905_141500_s_11.wav,Natur,Natur,0.6528609991073608
west-03-u_20230912_170000_s_10.wav,Natur,KeinNatur,0.7473559379577637
west-03-u_20230913_101500_s_32.wav,Natur,Natur,0.5033746957778931
west-04-o_20230908_143000_s_9.wav,Natur,Natur,0.8469156622886658
west-04-o_20230913_111500_s_9.wav,Natur,Natur,0.6193135976791382
west-04-u_20230907_104500_s_39.wav,Natur,Natur,0.5890094637870789
west-04-u_20230913_031500_s_5.wav,Natur,Natur,0.5432909727096558
west-05-m_20230910_133000_s_27.wav,Natur,Natur,0.9416380524635315
west-05-m_20230913_081500_s_32.wav,Natur,Natur,0.8561069965362549
west-05-m_20230913_093000_s_35.wav,Natur,Natur,0.7824007272720337
west-05-o_20230907_123000_s_11.wav,Natur,Natur,0.5386762619018555
west-05-o_20230907_134500_s_43.wav,Natur,Natur,0.9589625000953674
west-05-o_20230912_153000_s_15.wav,Natur,KeinNatur,0.6585633158683777
west-05-o_20230912_183000_s_15.wav,Natur,Natur,0.7012612819671631
west-05-o_20230913_133000_s_39.wav,Natur,Natur,0.990179181098938
west-05-u_20230906_121500_s_31.wav,Natur,Natur,0.9502447843551636
west-05-u_20230913_114500_s_40.wav,Natur,Natur,0.6535351872444153
