Actual Class,Predicted Class,Confidence
laerm,laerm,0.9935383200645447
laerm,laerm,0.9990371465682983
laerm,laerm,0.9940205216407776
laerm,laerm,0.9978063702583313
laerm,laerm,0.9941815733909607
laerm,laerm,0.9948780536651611
laerm,laerm,0.9938442707061768
laerm,laerm,0.9967545866966248
laerm,laerm,0.9933760762214661
laerm,laerm,0.9985795021057129
laerm,laerm,0.9977784752845764
laerm,laerm,0.9920614957809448
laerm,laerm,0.9902257323265076
laerm,laerm,0.9944065809249878
laerm,laerm,0.9848323464393616
laerm,laerm,0.9962989687919617
laerm,laerm,0.9973657727241516
laerm,laerm,0.9945999383926392
laerm,laerm,0.993314802646637
laerm,vogel,0.9289382696151733
laerm,laerm,0.992300271987915
laerm,laerm,0.9950749278068542
laerm,laerm,0.9976916313171387
laerm,laerm,0.9923999309539795
laerm,laerm,0.9951474070549011
laerm,laerm,0.9980455636978149
laerm,laerm,0.9930603504180908
laerm,laerm,0.9945456981658936
laerm,laerm,0.9936803579330444
laerm,laerm,0.9979464411735535
laerm,laerm,0.9968609809875488
laerm,laerm,0.9971617460250854
laerm,laerm,0.9928455948829651
laerm,laerm,0.9800808429718018
laerm,laerm,0.9944603443145752
laerm,laerm,0.9976072311401367
laerm,laerm,0.9973722696304321
laerm,laerm,0.996026873588562
laerm,laerm,0.9946573376655579
laerm,laerm,0.9971176385879517
laerm,laerm,0.9974426031112671
laerm,laerm,0.993863582611084
laerm,laerm,0.9939833283424377
laerm,laerm,0.7225995063781738
laerm,laerm,0.991851270198822
laerm,laerm,0.988528311252594
laerm,laerm,0.9984045624732971
laerm,laerm,0.996410071849823
laerm,laerm,0.9981659054756165
laerm,laerm,0.9892438650131226
laerm,laerm,0.9939650893211365
laerm,laerm,0.9966656565666199
laerm,laerm,0.9956496357917786
laerm,laerm,0.9987456798553467
laerm,laerm,0.9050459265708923
laerm,laerm,0.9961129426956177
laerm,laerm,0.9938175082206726
laerm,laerm,0.9955612421035767
laerm,laerm,0.9923880100250244
laerm,laerm,0.9981788396835327
laerm,laerm,0.9885510802268982
laerm,laerm,0.9951865077018738
laerm,laerm,0.9962789416313171
laerm,laerm,0.9910105466842651
laerm,laerm,0.9938196539878845
laerm,laerm,0.9933704137802124
laerm,laerm,0.9981452226638794
laerm,laerm,0.9956833124160767
laerm,laerm,0.9983319640159607
laerm,laerm,0.9933566451072693
laerm,laerm,0.9956898093223572
laerm,laerm,0.9975184202194214
laerm,laerm,0.9406279921531677
laerm,laerm,0.996590256690979
laerm,laerm,0.993561863899231
laerm,laerm,0.9969417452812195
laerm,laerm,0.9991303086280823
laerm,laerm,0.9963105320930481
laerm,laerm,0.9970935583114624
laerm,laerm,0.9966664910316467
laerm,laerm,0.9886190891265869
laerm,laerm,0.9911766052246094
laerm,laerm,0.9934237003326416
laerm,laerm,0.9980904459953308
laerm,laerm,0.9963253140449524
laerm,laerm,0.995559573173523
laerm,laerm,0.9954002499580383
laerm,laerm,0.9963142275810242
laerm,laerm,0.9079837799072266
laerm,laerm,0.9967963099479675
laerm,laerm,0.9918599724769592
laerm,laerm,0.9954276084899902
laerm,laerm,0.9957587122917175
laerm,laerm,0.9962117671966553
laerm,laerm,0.9964313507080078
laerm,laerm,0.9989225268363953
laerm,laerm,0.9966925382614136
laerm,laerm,0.9951653480529785
laerm,laerm,0.996207594871521
laerm,laerm,0.9928454756736755
laerm,laerm,0.8822054266929626
laerm,laerm,0.9964314699172974
laerm,laerm,0.9954681396484375
laerm,laerm,0.9638904929161072
laerm,laerm,0.9971244931221008
laerm,laerm,0.9944164752960205
laerm,laerm,0.9981075525283813
laerm,laerm,0.9980022311210632
laerm,laerm,0.9966797828674316
laerm,laerm,0.9963809847831726
laerm,laerm,0.9984024167060852
laerm,laerm,0.9961172342300415
laerm,laerm,0.9950345754623413
laerm,laerm,0.9960891008377075
laerm,laerm,0.9982909560203552
laerm,laerm,0.9944741129875183
laerm,laerm,0.9974319338798523
laerm,laerm,0.9932183623313904
laerm,laerm,0.9946308135986328
laerm,laerm,0.9973323345184326
laerm,laerm,0.9967913031578064
laerm,laerm,0.9951760768890381
laerm,laerm,0.9954256415367126
laerm,laerm,0.9990413784980774
laerm,laerm,0.9947562217712402
laerm,laerm,0.9979398846626282
laerm,laerm,0.9998970031738281
laerm,laerm,0.9709798097610474
laerm,laerm,0.984720766544342
laerm,laerm,0.9935656189918518
laerm,laerm,0.9956888556480408
laerm,laerm,0.6934026479721069
laerm,laerm,0.9946603178977966
laerm,laerm,0.9968861937522888
laerm,laerm,0.9916011095046997
laerm,laerm,0.9988579750061035
laerm,laerm,0.9968723654747009
laerm,laerm,0.9964026212692261
laerm,laerm,0.9945117235183716
laerm,laerm,0.9943256974220276
laerm,laerm,0.9930371642112732
laerm,laerm,0.5351283550262451
laerm,stille,0.6804170608520508
laerm,laerm,0.9934625625610352
laerm,laerm,0.9949442744255066
laerm,laerm,0.9825085401535034
laerm,laerm,0.9912582039833069
laerm,laerm,0.9970546960830688
laerm,laerm,0.9918768405914307
laerm,laerm,0.9977915287017822
laerm,laerm,0.9897659420967102
laerm,laerm,0.996618390083313
laerm,laerm,0.9956609606742859
laerm,laerm,0.9986864924430847
laerm,laerm,0.9996274709701538
laerm,laerm,0.9956122636795044
laerm,laerm,0.9967920184135437
laerm,laerm,0.9976003766059875
laerm,laerm,0.9967166781425476
laerm,laerm,0.9914231896400452
laerm,laerm,0.9983629584312439
laerm,laerm,0.9936994314193726
laerm,laerm,0.9986397624015808
laerm,laerm,0.9995346069335938
laerm,laerm,0.9951180219650269
laerm,laerm,0.9969383478164673
laerm,laerm,0.9977489113807678
laerm,laerm,0.9879063367843628
laerm,laerm,0.9857335090637207
laerm,laerm,0.9954570531845093
laerm,laerm,0.9942383766174316
laerm,laerm,0.9947304725646973
laerm,laerm,0.9909238219261169
laerm,laerm,0.9824955463409424
laerm,laerm,0.9981300234794617
laerm,laerm,0.9932534098625183
laerm,laerm,0.9953572154045105
laerm,laerm,0.9952011108398438
laerm,laerm,0.9954822063446045
laerm,laerm,0.9950153231620789
laerm,laerm,0.9918956160545349
laerm,laerm,0.9960858821868896
laerm,laerm,0.9949541687965393
laerm,laerm,0.9749014973640442
laerm,laerm,0.9938464760780334
laerm,laerm,0.9961632490158081
laerm,laerm,0.9947962164878845
laerm,laerm,0.9950893521308899
laerm,laerm,0.9959273934364319
laerm,laerm,0.9935427904129028
laerm,laerm,0.9943628311157227
laerm,laerm,0.9970287680625916
laerm,laerm,0.9950862526893616
laerm,laerm,0.9944156408309937
laerm,laerm,0.9932209253311157
laerm,laerm,0.9967976212501526
laerm,laerm,0.9944254159927368
laerm,laerm,0.99319988489151
laerm,laerm,0.9969743490219116
laerm,laerm,0.995572566986084
laerm,laerm,0.9974350333213806
laerm,laerm,0.9974581599235535
laerm,laerm,0.9949733018875122
laerm,laerm,0.9923662543296814
laerm,laerm,0.993240475654602
laerm,laerm,0.9983301758766174
laerm,laerm,0.9976605176925659
laerm,laerm,0.994602382183075
laerm,laerm,0.9936434030532837
laerm,laerm,0.9969161748886108
laerm,laerm,0.9932109713554382
laerm,laerm,0.997454822063446
laerm,laerm,0.9943471550941467
laerm,laerm,0.9894276261329651
laerm,laerm,0.9968006610870361
laerm,laerm,0.9939577579498291
laerm,laerm,0.9953449368476868
laerm,laerm,0.9941052198410034
laerm,laerm,0.9883411526679993
laerm,laerm,0.9969555139541626
laerm,laerm,0.9950527548789978
laerm,laerm,0.9970725774765015
laerm,laerm,0.9945553541183472
laerm,laerm,0.993502676486969
laerm,laerm,0.9948870539665222
laerm,laerm,0.9959851503372192
laerm,laerm,0.9954440593719482
laerm,laerm,0.9922745823860168
laerm,laerm,0.9948209524154663
laerm,laerm,0.9964016675949097
laerm,laerm,0.99664306640625
laerm,laerm,0.9979935884475708
laerm,laerm,0.9926678538322449
laerm,laerm,0.9910707473754883
laerm,laerm,0.9928696751594543
laerm,laerm,0.9934417009353638
laerm,laerm,0.9943253397941589
laerm,laerm,0.995089590549469
laerm,laerm,0.9902468919754028
laerm,laerm,0.9929887652397156
laerm,laerm,0.996502161026001
laerm,laerm,0.9958731532096863
laerm,laerm,0.9977238774299622
laerm,laerm,0.9975951313972473
laerm,laerm,0.9959955215454102
laerm,laerm,0.9967369437217712
laerm,laerm,0.9983876943588257
laerm,laerm,0.9990255832672119
laerm,laerm,0.9977732300758362
laerm,laerm,0.9987465143203735
laerm,laerm,0.9922716617584229
laerm,laerm,0.9944179058074951
laerm,laerm,0.9985606074333191
laerm,laerm,0.9972737431526184
laerm,laerm,0.9981561303138733
laerm,laerm,0.9961058497428894
laerm,laerm,0.9940051436424255
laerm,laerm,0.993091344833374
laerm,laerm,0.9911899566650391
laerm,laerm,0.9918786287307739
laerm,laerm,0.9894967079162598
laerm,laerm,0.7790671586990356
laerm,laerm,0.9966096878051758
laerm,laerm,0.9896987080574036
laerm,laerm,0.9966259002685547
laerm,laerm,0.9714486598968506
laerm,laerm,0.9986972212791443
laerm,laerm,0.9961041212081909
laerm,laerm,0.9977599382400513
laerm,laerm,0.996455729007721
laerm,laerm,0.9960280656814575
laerm,laerm,0.9924246072769165
laerm,laerm,0.9951462149620056
laerm,laerm,0.9916501045227051
laerm,laerm,0.9904352426528931
laerm,laerm,0.9983396530151367
laerm,laerm,0.9949829578399658
laerm,laerm,0.994278073310852
laerm,laerm,0.9855319857597351
laerm,laerm,0.9923662543296814
laerm,laerm,0.9982935786247253
laerm,laerm,0.9958369731903076
laerm,laerm,0.9958861470222473
laerm,laerm,0.996975302696228
laerm,laerm,0.9960272312164307
laerm,laerm,0.9901188611984253
laerm,laerm,0.9936553239822388
laerm,laerm,0.9960747957229614
laerm,laerm,0.997328519821167
laerm,laerm,0.9980161190032959
laerm,laerm,0.9920579791069031
laerm,laerm,0.9964694976806641
laerm,laerm,0.9953418970108032
laerm,laerm,0.9961961507797241
laerm,laerm,0.9960290193557739
laerm,laerm,0.9977637529373169
laerm,laerm,0.996634304523468
laerm,laerm,0.9961531758308411
laerm,laerm,0.9939197301864624
laerm,laerm,0.995743453502655
laerm,laerm,0.9976442456245422
laerm,laerm,0.9950855374336243
laerm,laerm,0.9905622601509094
laerm,laerm,0.9971494078636169
laerm,laerm,0.9750925302505493
laerm,laerm,0.9925535321235657
laerm,laerm,0.9951884746551514
laerm,stille,0.6033352613449097
laerm,laerm,0.9944484233856201
laerm,laerm,0.9962005019187927
laerm,laerm,0.9950056672096252
laerm,laerm,0.993061363697052
laerm,laerm,0.9924686551094055
laerm,laerm,0.9943946599960327
laerm,laerm,0.9970307350158691
laerm,laerm,0.9915762543678284
laerm,laerm,0.9970974922180176
laerm,laerm,0.9929986000061035
laerm,laerm,0.9956082701683044
laerm,laerm,0.9965219497680664
laerm,laerm,0.9953052997589111
laerm,laerm,0.998553454875946
laerm,laerm,0.9949935078620911
laerm,laerm,0.9964894652366638
laerm,laerm,0.9934163093566895
laerm,laerm,0.9955129027366638
laerm,laerm,0.9973733425140381
laerm,laerm,0.9959979057312012
laerm,laerm,0.9897251129150391
laerm,laerm,0.9964421391487122
laerm,laerm,0.993902325630188
laerm,laerm,0.9950571060180664
laerm,laerm,0.9986100196838379
laerm,laerm,0.991457998752594
laerm,laerm,0.9978669881820679
laerm,laerm,0.9972953200340271
laerm,laerm,0.983975887298584
laerm,laerm,0.9967656135559082
laerm,laerm,0.9984486103057861
laerm,laerm,0.9956275224685669
laerm,laerm,0.995230495929718
laerm,laerm,0.9941502213478088
laerm,laerm,0.9942095279693604
laerm,laerm,0.6835944652557373
laerm,laerm,0.9961845278739929
laerm,laerm,0.997575581073761
laerm,laerm,0.9949716329574585
laerm,laerm,0.9968196153640747
laerm,laerm,0.995698094367981
laerm,laerm,0.9968178272247314
laerm,laerm,0.9943349361419678
laerm,laerm,0.9968221187591553
laerm,laerm,0.9945716261863708
laerm,laerm,0.9974890947341919
laerm,laerm,0.9952881336212158
laerm,laerm,0.9967967867851257
laerm,laerm,0.9961366057395935
laerm,laerm,0.9956526756286621
laerm,laerm,0.9950902462005615
laerm,laerm,0.9931524991989136
laerm,laerm,0.9918982982635498
laerm,laerm,0.9971441626548767
laerm,laerm,0.991212785243988
laerm,laerm,0.9978300929069519
laerm,laerm,0.9973099231719971
laerm,laerm,0.9958001971244812
laerm,laerm,0.9948008060455322
laerm,laerm,0.997500479221344
laerm,laerm,0.9949742555618286
laerm,laerm,0.9986671209335327
laerm,laerm,0.9967599511146545
laerm,laerm,0.9967557787895203
laerm,laerm,0.9965348243713379
laerm,laerm,0.9962124824523926
laerm,laerm,0.9938667416572571
laerm,laerm,0.9945493340492249
laerm,laerm,0.9976939558982849
laerm,laerm,0.9907935261726379
laerm,laerm,0.9955390095710754
laerm,laerm,0.9960057139396667
laerm,laerm,0.9947811961174011
laerm,laerm,0.9981719255447388
laerm,laerm,0.9961114525794983
laerm,laerm,0.9916630983352661
laerm,laerm,0.9981828331947327
laerm,laerm,0.9957311749458313
laerm,laerm,0.9910675883293152
laerm,laerm,0.9951123595237732
laerm,laerm,0.9854987859725952
laerm,laerm,0.9952510595321655
laerm,laerm,0.9950228929519653
laerm,laerm,0.9971760511398315
laerm,laerm,0.9940872192382812
laerm,laerm,0.9942525029182434
laerm,laerm,0.9946834444999695
laerm,laerm,0.9958590865135193
laerm,laerm,0.9957519769668579
laerm,laerm,0.9964019060134888
laerm,laerm,0.9950597286224365
laerm,laerm,0.9950135350227356
laerm,laerm,0.9924702644348145
laerm,laerm,0.9950855374336243
laerm,laerm,0.9969272017478943
laerm,laerm,0.9962245225906372
laerm,laerm,0.9967566132545471
laerm,laerm,0.9962587356567383
laerm,laerm,0.9967290163040161
laerm,laerm,0.9948946237564087
laerm,laerm,0.9914193153381348
laerm,laerm,0.9944902658462524
laerm,laerm,0.995991051197052
laerm,laerm,0.9962142109870911
laerm,laerm,0.9964389801025391
laerm,laerm,0.992360532283783
laerm,laerm,0.9950878024101257
laerm,laerm,0.9952983260154724
laerm,laerm,0.9965550899505615
laerm,laerm,0.9958958625793457
laerm,laerm,0.9931024312973022
laerm,laerm,0.9969859719276428
laerm,laerm,0.9969441294670105
laerm,laerm,0.9956772923469543
laerm,laerm,0.9942834973335266
laerm,laerm,0.9958691000938416
laerm,laerm,0.9986019730567932
laerm,laerm,0.9954326152801514
laerm,laerm,0.9992634654045105
laerm,laerm,0.9983953833580017
laerm,laerm,0.9901776909828186
laerm,laerm,0.9980621933937073
laerm,laerm,0.9963584542274475
laerm,laerm,0.9938973784446716
laerm,laerm,0.9975626468658447
laerm,laerm,0.9951258301734924
laerm,laerm,0.9957457184791565
laerm,laerm,0.9969189167022705
laerm,laerm,0.9979941844940186
laerm,laerm,0.9936375617980957
laerm,laerm,0.993907630443573
laerm,laerm,0.9954836368560791
laerm,laerm,0.9962491393089294
laerm,laerm,0.9966733455657959
laerm,laerm,0.9970160722732544
laerm,laerm,0.9953464865684509
laerm,laerm,0.9974274039268494
laerm,laerm,0.9951061010360718
laerm,laerm,0.9940536618232727
laerm,laerm,0.9985474944114685
laerm,laerm,0.9957220554351807
laerm,laerm,0.9970909357070923
laerm,laerm,0.994845986366272
laerm,laerm,0.9962701797485352
laerm,laerm,0.9963545799255371
laerm,laerm,0.9965331554412842
laerm,laerm,0.9972671270370483
laerm,laerm,0.9962689876556396
laerm,laerm,0.9918307662010193
laerm,laerm,0.9982776641845703
laerm,laerm,0.9986827969551086
laerm,laerm,0.995859682559967
laerm,laerm,0.9975489974021912
laerm,laerm,0.9966965913772583
laerm,laerm,0.9946120977401733
laerm,laerm,0.9988428354263306
laerm,laerm,0.9921817779541016
laerm,laerm,0.9949139356613159
laerm,laerm,0.9948769211769104
laerm,laerm,0.9966697096824646
laerm,laerm,0.9955999851226807
laerm,laerm,0.993569016456604
laerm,laerm,0.986940324306488
laerm,laerm,0.9966872334480286
laerm,laerm,0.9968872666358948
laerm,laerm,0.9919198751449585
laerm,laerm,0.9953563809394836
laerm,laerm,0.9935721158981323
laerm,laerm,0.995053768157959
laerm,laerm,0.996167004108429
laerm,laerm,0.9947205781936646
laerm,vogel,0.5995844006538391
laerm,laerm,0.9939888715744019
laerm,laerm,0.9934394955635071
laerm,laerm,0.9781261086463928
laerm,laerm,0.9899084568023682
laerm,laerm,0.9944243431091309
laerm,laerm,0.9932913780212402
laerm,laerm,0.9971289038658142
laerm,laerm,0.9789659976959229
laerm_vogel,laerm,0.9841948747634888
laerm_vogel,stille,0.3677082657814026
laerm_vogel,laerm,0.9952547550201416
laerm_vogel,laerm,0.9955605268478394
laerm_vogel,vogel,0.5761988162994385
laerm_vogel,natur,0.5140628218650818
laerm_vogel,laerm,0.5534762740135193
laerm_vogel,vogel,0.5774688124656677
laerm_vogel,laerm,0.9902764558792114
laerm_vogel,laerm,0.9926512837409973
laerm_vogel,laerm,0.9994304776191711
laerm_vogel,laerm,0.8276091814041138
laerm_vogel,laerm,0.9234186410903931
laerm_vogel,natur,0.981173574924469
laerm_vogel,laerm,0.9441400766372681
laerm_vogel,vogel,0.45409250259399414
laerm_vogel,laerm,0.9971477389335632
laerm_vogel,laerm,0.9611325263977051
laerm_vogel,stille,0.8817342519760132
laerm_vogel,natur,0.7951080799102783
laerm_vogel,vogel,0.7742226719856262
laerm_vogel,laerm,0.9973011612892151
laerm_vogel,laerm,0.9754879474639893
laerm_vogel,stille,0.8497433662414551
laerm_vogel,stille,0.38451865315437317
laerm_vogel,laerm,0.9963577389717102
laerm_vogel,natur,0.801741361618042
laerm_vogel,laerm,0.8942179083824158
laerm_vogel,laerm,0.9881086945533752
laerm_vogel,laerm,0.812447190284729
laerm_vogel,laerm,0.9986080527305603
laerm_vogel,laerm,0.9972418546676636
laerm_vogel,laerm,0.9970441460609436
laerm_vogel,vogel,0.8901111483573914
laerm_vogel,laerm,0.4203171133995056
laerm_vogel,stille,0.6815839409828186
laerm_vogel,laerm,0.9778518676757812
laerm_vogel,laerm,0.41026172041893005
laerm_vogel,laerm,0.9952114224433899
laerm_vogel,vogel,0.9668283462524414
laerm_vogel,laerm,0.7403988838195801
laerm_vogel,laerm,0.9974110722541809
laerm_vogel,laerm,0.9984173774719238
laerm_vogel,laerm,0.999434769153595
laerm_vogel,laerm,0.9187473654747009
laerm_vogel,vogel,0.5585992336273193
laerm_vogel,laerm,0.9572978019714355
laerm_vogel,laerm,0.9897562861442566
laerm_vogel,laerm,0.9549165964126587
laerm_vogel,laerm,0.9986720085144043
laerm_vogel,laerm,0.997294008731842
laerm_vogel,laerm,0.9766620397567749
laerm_vogel,laerm,0.9965740442276001
laerm_vogel,vogel,0.9835110902786255
laerm_vogel,laerm,0.976218581199646
laerm_vogel,laerm,0.9463854432106018
laerm_vogel,laerm,0.9988622665405273
laerm_vogel,laerm,0.9906861186027527
laerm_vogel,laerm,0.997732400894165
laerm_vogel,laerm,0.9952189326286316
laerm_vogel,natur,0.6212401986122131
laerm_vogel,laerm,0.9960086345672607
laerm_vogel,laerm,0.9872949719429016
laerm_vogel,laerm,0.9946168065071106
laerm_vogel,laerm,0.985183835029602
laerm_vogel,laerm,0.9960530996322632
laerm_vogel,laerm,0.996436357498169
laerm_vogel,laerm,0.7443984746932983
laerm_vogel,laerm,0.9966351389884949
laerm_vogel,laerm,0.9934793710708618
laerm_vogel,laerm,0.996421217918396
laerm_vogel,laerm,0.9710326194763184
laerm_vogel,vogel,0.5384673476219177
laerm_vogel,laerm,0.9698633551597595
laerm_vogel,vogel,0.8854609131813049
laerm_vogel,laerm,0.9964773058891296
laerm_vogel,laerm,0.9367303848266602
laerm_vogel,laerm,0.9707946181297302
laerm_vogel,laerm,0.9710696935653687
laerm_vogel,stille,0.41621220111846924
laerm_vogel,laerm,0.9957973957061768
laerm_vogel,laerm,0.6968205571174622
laerm_vogel,vogel,0.391284704208374
laerm_vogel,laerm,0.9930110573768616
laerm_vogel,laerm,0.9951871633529663
laerm_vogel,laerm,0.9728919267654419
laerm_vogel,laerm,0.9517894983291626
laerm_vogel,laerm,0.9900169968605042
laerm_vogel,laerm,0.9906691312789917
laerm_vogel,laerm,0.9868413209915161
laerm_vogel,laerm,0.9857898354530334
laerm_vogel,laerm,0.9856970310211182
laerm_vogel,laerm,0.979752779006958
laerm_vogel,laerm,0.9983683228492737
laerm_vogel,laerm,0.9963601231575012
laerm_vogel,laerm,0.9179506897926331
laerm_vogel,vogel,0.7504251003265381
laerm_vogel,laerm,0.9935877323150635
laerm_vogel,laerm,0.9937785267829895
laerm_vogel,laerm,0.9956856966018677
laerm_vogel,laerm,0.9946990013122559
laerm_vogel,laerm,0.9721072316169739
laerm_vogel,vogel,0.9333562254905701
laerm_vogel,vogel,0.9943811297416687
laerm_vogel,laerm,0.97660893201828
laerm_vogel,laerm,0.893541693687439
laerm_vogel,laerm,0.9768165946006775
laerm_vogel,laerm,0.9961231350898743
laerm_vogel,laerm,0.9560911655426025
laerm_vogel,laerm,0.9874646663665771
laerm_vogel,laerm,0.9932191967964172
laerm_vogel,laerm,0.9993853569030762
laerm_vogel,laerm,0.997858464717865
laerm_vogel,laerm,0.9949093461036682
laerm_vogel,laerm,0.9983525276184082
laerm_vogel,laerm,0.519798219203949
laerm_vogel,laerm,0.8915301561355591
laerm_vogel,vogel,0.9851524829864502
laerm_vogel,laerm,0.9962859153747559
laerm_vogel,laerm,0.995837926864624
laerm_vogel,laerm,0.9598872065544128
laerm_vogel,laerm,0.9952491521835327
laerm_vogel,laerm,0.9988497495651245
laerm_vogel,stille,0.8519222140312195
laerm_vogel,laerm,0.9934359788894653
laerm_vogel,laerm,0.9912562370300293
laerm_vogel,laerm,0.9955726861953735
laerm_vogel,laerm,0.988338828086853
laerm_vogel,laerm,0.9892776012420654
laerm_vogel,laerm,0.9991430044174194
laerm_vogel,laerm,0.9920216202735901
laerm_vogel,laerm,0.980366051197052
laerm_vogel,vogel,0.4625611901283264
laerm_vogel,laerm,0.9954341053962708
laerm_vogel,laerm,0.9992190599441528
laerm_vogel,laerm,0.9914980530738831
laerm_vogel,vogel,0.7036665081977844
laerm_vogel,laerm,0.9663166999816895
laerm_vogel,laerm,0.9986850619316101
laerm_vogel,laerm,0.9987252354621887
laerm_vogel,laerm,0.9928312301635742
laerm_vogel,laerm,0.9946596026420593
laerm_vogel,laerm,0.9943789839744568
laerm_vogel,laerm,0.9945527911186218
laerm_vogel,laerm,0.9978688955307007
laerm_vogel,laerm,0.596093475818634
laerm_vogel,laerm,0.5146971940994263
laerm_vogel,laerm,0.9835862517356873
laerm_vogel,laerm,0.9953941106796265
laerm_vogel,laerm,0.9929183125495911
laerm_vogel,laerm,0.9977267384529114
laerm_vogel,laerm,0.9981510043144226
laerm_vogel,laerm,0.9956637024879456
laerm_vogel,laerm,0.9982142448425293
laerm_vogel,laerm,0.9995622038841248
laerm_vogel,laerm,0.49751001596450806
laerm_vogel,stille,0.9897674918174744
laerm_vogel,laerm,0.9985930323600769
laerm_vogel,laerm,0.4718797504901886
laerm_vogel,stille,0.7391806840896606
laerm_vogel,laerm,0.9180997014045715
laerm_vogel,laerm,0.827631413936615
laerm_vogel,laerm,0.8016422986984253
laerm_vogel,laerm,0.7120550274848938
laerm_vogel,laerm,0.9329010248184204
natur,natur,0.9728503227233887
natur,natur,0.9651557803153992
natur,natur,0.971766471862793
natur,natur,0.9841788411140442
natur,natur,0.9816923141479492
natur,natur,0.9924830794334412
natur,natur,0.9845289587974548
natur,natur,0.9902991056442261
natur,natur,0.986994206905365
natur,natur,0.9919701218605042
natur,natur,0.9894123673439026
natur,stille,0.6963041424751282
natur,natur,0.9830805659294128
natur,natur,0.991919994354248
natur,natur,0.9910854697227478
natur,natur,0.9824108481407166
natur,natur,0.9792527556419373
natur,natur,0.9804477691650391
natur,natur,0.9939320087432861
natur,natur,0.98630291223526
natur,natur,0.9838453531265259
natur,natur,0.9892231225967407
natur,natur,0.9863881468772888
natur,natur,0.9859338402748108
natur,stille,0.9488534927368164
natur,natur,0.9718656539916992
natur,natur,0.9930312633514404
natur,natur,0.9785538911819458
natur,natur,0.9788094162940979
natur,natur,0.9925455451011658
natur,natur,0.9914419054985046
natur,natur,0.9930718541145325
natur,laerm,0.9109667539596558
natur,natur,0.9928172826766968
natur,stille,0.962268590927124
natur,natur,0.9863579273223877
natur,natur,0.984457790851593
natur,natur,0.989425778388977
natur,natur,0.9777656197547913
natur,natur,0.9911830425262451
natur,stille,0.924980640411377
natur,natur,0.9781575798988342
natur,natur,0.9869781732559204
natur,natur,0.9839648008346558
natur,natur,0.9883900880813599
natur,natur,0.9850334525108337
natur,natur,0.980262815952301
natur,natur,0.9774659872055054
natur,natur,0.9884633421897888
natur,natur,0.9816651940345764
natur,natur,0.9871692657470703
natur,natur,0.9933997392654419
natur,natur,0.9788479804992676
natur,stille,0.9693024754524231
natur,stille,0.7197229862213135
natur,natur,0.9810900092124939
natur,natur,0.9795811772346497
natur,natur,0.9895485639572144
natur,natur,0.9782872796058655
natur,natur,0.974042534828186
natur,natur,0.9686230421066284
natur,natur,0.9920427203178406
natur,natur,0.979933500289917
natur,natur,0.9857308268547058
natur,natur,0.9865729808807373
natur,natur,0.867525041103363
natur,natur,0.9933809041976929
natur,natur,0.9787254929542542
natur,natur,0.993756890296936
natur,natur,0.9908517003059387
natur,natur,0.9735267162322998
natur,natur,0.9034042358398438
natur,stille,0.8439896702766418
natur,natur,0.9743680953979492
natur,natur,0.9904116988182068
natur,natur,0.9885423183441162
natur,natur,0.9634402990341187
natur,natur,0.9825682044029236
natur,natur,0.9825068116188049
natur,natur,0.9871286153793335
natur,natur,0.9867836236953735
natur,natur,0.9792035818099976
natur,natur,0.9840864539146423
natur,stille,0.9900110363960266
natur,natur,0.9802891612052917
natur,stille,0.9893342852592468
natur,natur,0.9845231771469116
natur,natur,0.9812042117118835
natur,natur,0.9918885827064514
natur,stille,0.8592543601989746
natur,natur,0.9751580357551575
natur,natur,0.9321456551551819
natur,natur,0.9787400960922241
natur,natur,0.9776899218559265
natur,natur,0.9921533465385437
natur,natur,0.987173318862915
natur,natur,0.9841984510421753
natur,natur,0.9774078726768494
natur,natur,0.966080904006958
natur,natur,0.9958158135414124
natur,natur,0.9858129620552063
natur,stille,0.9705260396003723
natur,natur,0.9844920635223389
natur,natur,0.9831922650337219
natur,natur,0.9895755052566528
natur,natur,0.9852458834648132
natur,natur,0.9795536994934082
natur,natur,0.989804744720459
natur,stille,0.6096226572990417
natur,natur,0.9836635589599609
natur,natur,0.986047625541687
natur,vogel,0.7788288593292236
natur,natur,0.9844951033592224
natur,natur,0.9734525084495544
natur,natur,0.9777446389198303
natur,natur,0.9786335229873657
natur,natur,0.9870830774307251
natur,natur,0.9793485403060913
natur,natur,0.9902626276016235
natur,natur,0.9687369465827942
natur,natur,0.988629937171936
natur,stille,0.8959438800811768
natur,natur,0.9639179706573486
natur,natur,0.9808540344238281
natur,natur,0.9873906373977661
natur,natur,0.9926592707633972
natur,natur,0.9823221564292908
natur,laerm,0.3749261498451233
natur_laerm,laerm,0.9989956021308899
natur_laerm,natur,0.9954106211662292
natur_laerm,laerm,0.8816859722137451
natur_laerm,laerm,0.8254443407058716
natur_laerm,stille,0.9897701740264893
natur_laerm,laerm,0.8675901889801025
natur_laerm,laerm,0.9226046204566956
natur_laerm,natur,0.9908310174942017
natur_laerm,laerm,0.9922032356262207
natur_laerm,vogel,0.8876444697380066
natur_laerm,laerm,0.9876531362533569
natur_laerm,laerm,0.6597909331321716
natur_laerm,laerm,0.9836612343788147
natur_laerm,laerm,0.8075743317604065
natur_laerm,natur,0.9837765097618103
natur_laerm,laerm,0.8778665065765381
natur_laerm,laerm,0.9234377145767212
natur_laerm,laerm,0.7537301182746887
natur_laerm,laerm,0.997026264667511
natur_laerm,natur,0.6103005409240723
natur_laerm,laerm,0.9953320622444153
natur_laerm,natur,0.8727696537971497
natur_laerm,laerm,0.9971891045570374
natur_laerm,laerm,0.7858932614326477
natur_laerm,laerm,0.9716938734054565
natur_laerm,laerm,0.8952988386154175
natur_laerm,laerm,0.5006393790245056
natur_laerm,vogel,0.5969586968421936
natur_laerm,laerm,0.9941880702972412
natur_laerm,laerm,0.9901183247566223
natur_laerm,laerm,0.922687828540802
natur_laerm,natur,0.6859820485115051
natur_laerm,laerm,0.9265023469924927
natur_laerm,laerm,0.995579183101654
natur_laerm,laerm,0.5104075074195862
natur_laerm,laerm,0.8762978315353394
natur_laerm,stille,0.885099470615387
natur_laerm,laerm,0.9859941005706787
natur_laerm,laerm,0.5734702944755554
natur_laerm,laerm,0.8729724884033203
natur_laerm,laerm,0.9877650141716003
natur_laerm,laerm,0.9842996597290039
natur_laerm,laerm,0.9489350914955139
natur_laerm,laerm,0.9296448826789856
natur_laerm,vogel,0.48541590571403503
natur_laerm,laerm,0.9822208285331726
natur_laerm,laerm,0.9955918192863464
natur_laerm,laerm,0.9240516424179077
natur_laerm_vogel,stille,0.9066042900085449
natur_laerm_vogel,natur,0.9543490409851074
natur_laerm_vogel,vogel,0.5698578953742981
natur_laerm_vogel,laerm,0.9854066371917725
natur_laerm_vogel,natur,0.5344394445419312
natur_laerm_vogel,laerm,0.4516606330871582
natur_laerm_vogel,laerm,0.7055251598358154
natur_laerm_vogel,laerm,0.7801383137702942
natur_laerm_vogel,laerm,0.6671063899993896
natur_laerm_vogel,laerm,0.9736880660057068
natur_laerm_vogel,laerm,0.985572099685669
natur_laerm_vogel,laerm,0.719561755657196
natur_laerm_vogel,laerm,0.9948721528053284
natur_vogel,stille,0.7865463495254517
natur_vogel,stille,0.6250336766242981
natur_vogel,vogel,0.8022697567939758
natur_vogel,natur,0.9917359948158264
natur_vogel,laerm,0.7597137689590454
natur_vogel,stille,0.8341629505157471
natur_vogel,natur,0.8951008915901184
natur_vogel,laerm,0.7105487585067749
natur_vogel,vogel,0.9644882082939148
natur_vogel,stille,0.9074375033378601
natur_vogel,vogel,0.6436754465103149
natur_vogel,vogel,0.609980046749115
natur_vogel,laerm,0.615734875202179
natur_vogel,vogel,0.9884105920791626
natur_vogel,natur,0.9916549921035767
natur_vogel,natur,0.9455224275588989
natur_vogel,vogel,0.9991844296455383
natur_vogel,vogel,0.8561887741088867
natur_vogel,natur,0.8922389149665833
natur_vogel,natur,0.7946315407752991
natur_vogel,natur,0.6922279000282288
natur_vogel,vogel,0.8521881699562073
natur_vogel,laerm,0.5451109409332275
natur_vogel,natur,0.8073980808258057
natur_vogel,laerm,0.5674626231193542
natur_vogel,natur,0.5221105217933655
natur_vogel,natur,0.988723635673523
natur_vogel,stille,0.8328094482421875
natur_vogel,stille,0.9627244472503662
natur_vogel,laerm,0.4593994915485382
natur_vogel,stille,0.8012440800666809
natur_vogel,vogel,0.8985681533813477
natur_vogel,stille,0.5574164986610413
natur_vogel,vogel,0.7600037455558777
natur_vogel,natur,0.8359951972961426
natur_vogel,natur,0.8957740068435669
stille,stille,0.9974730610847473
stille,stille,0.9918527007102966
stille,stille,0.99403315782547
stille,stille,0.9960242509841919
stille,stille,0.9969745874404907
stille,stille,0.9952180981636047
stille,stille,0.9960440397262573
stille,stille,0.9903240203857422
stille,stille,0.9909341335296631
stille,stille,0.9902060627937317
stille,stille,0.9991993308067322
stille,stille,0.9969801306724548
stille,stille,0.9942687749862671
stille,stille,0.9924995303153992
stille,stille,0.9961361289024353
stille,stille,0.9930437803268433
stille,stille,0.9978860020637512
stille,stille,0.9941021800041199
stille,stille,0.8608722686767578
stille,stille,0.9944366216659546
stille,stille,0.9674432873725891
stille,stille,0.9915743470191956
stille,stille,0.9896547794342041
stille,stille,0.994767427444458
stille,stille,0.9916977882385254
stille,stille,0.9960088729858398
stille,stille,0.9949476718902588
stille,stille,0.9951362013816833
stille,stille,0.9977983832359314
stille,stille,0.998149037361145
stille,stille,0.9863741397857666
stille,stille,0.9961928129196167
stille,stille,0.9943224191665649
stille,stille,0.9962911605834961
stille,stille,0.9848737716674805
stille,stille,0.9937613606452942
stille,stille,0.9939356446266174
stille,stille,0.9980565905570984
stille,stille,0.9954301118850708
stille,stille,0.9949774146080017
stille,stille,0.9739675521850586
stille,stille,0.9896239638328552
stille,stille,0.9952797889709473
stille,stille,0.9970012307167053
stille,stille,0.9949893355369568
stille,stille,0.9955511093139648
stille,stille,0.9974583983421326
stille,stille,0.9959940910339355
stille,stille,0.9938054084777832
stille,stille,0.9954919219017029
stille,stille,0.9972419738769531
stille,stille,0.9975894689559937
stille,stille,0.996015727519989
stille,stille,0.9904276132583618
stille,stille,0.996557354927063
stille,stille,0.9977313876152039
stille,stille,0.9930174350738525
stille,stille,0.9900426864624023
stille,stille,0.9935275912284851
stille,stille,0.9959110021591187
stille,stille,0.9948920011520386
stille,stille,0.9971242547035217
stille,stille,0.995894193649292
stille,stille,0.9940803647041321
stille,stille,0.9944926500320435
stille,stille,0.9953793287277222
stille,stille,0.9938911199569702
stille,stille,0.9983353018760681
stille,stille,0.9818181395530701
stille,stille,0.9958609938621521
stille,stille,0.9872410297393799
stille,stille,0.9957410097122192
stille,stille,0.9913113117218018
stille,stille,0.9791731834411621
stille,stille,0.9963755011558533
stille,stille,0.9956709146499634
stille,stille,0.9988143444061279
stille,stille,0.9887719750404358
stille,stille,0.9957536458969116
stille,stille,0.9970190525054932
stille,stille,0.9963506460189819
stille,stille,0.9407208561897278
stille,stille,0.9969719648361206
stille,stille,0.9920889139175415
stille,stille,0.9911742210388184
stille,stille,0.9964162111282349
stille,stille,0.9935135245323181
stille,stille,0.9919902682304382
stille,stille,0.9969269633293152
stille,stille,0.9942575693130493
stille,stille,0.9920089244842529
stille,stille,0.9953569769859314
stille,stille,0.9945878982543945
stille,stille,0.9946386218070984
stille,stille,0.93863445520401
stille,stille,0.9959206581115723
stille,stille,0.9938187003135681
stille,stille,0.9966025352478027
stille,stille,0.993270218372345
stille,stille,0.9954551458358765
stille,stille,0.993506669998169
stille,stille,0.9873773455619812
stille,stille,0.9976935982704163
stille,stille,0.9963866472244263
stille,stille,0.9984980821609497
stille,stille,0.9986957907676697
stille,stille,0.8984441757202148
stille,stille,0.9942665696144104
stille,stille,0.9941089153289795
stille,stille,0.9950384497642517
stille,stille,0.9945682287216187
stille,stille,0.9913921356201172
stille,stille,0.9958621263504028
stille,stille,0.9957869648933411
stille,stille,0.9942795038223267
stille,stille,0.9969171285629272
stille,stille,0.995895266532898
stille,stille,0.9971390962600708
stille,stille,0.9925311207771301
stille,stille,0.9974702596664429
stille,stille,0.9963352680206299
stille,stille,0.9972355961799622
stille,stille,0.9965695142745972
stille,stille,0.9957026839256287
stille,stille,0.9927062392234802
stille,stille,0.991540253162384
stille,stille,0.9894088506698608
stille,stille,0.9937074780464172
stille,stille,0.9968374967575073
stille,stille,0.9935021996498108
stille,stille,0.9970329999923706
stille,stille,0.9964274764060974
stille,stille,0.9853292107582092
stille,stille,0.9963195323944092
stille,stille,0.9838975071907043
stille,vogel,0.8690963387489319
stille,stille,0.9976529479026794
stille,stille,0.9974441528320312
stille,stille,0.9928787350654602
stille,stille,0.5811330676078796
stille,stille,0.9900590777397156
stille,stille,0.9948068261146545
stille,stille,0.9965642094612122
stille,stille,0.9936518669128418
stille,stille,0.9975346326828003
stille,stille,0.9963269829750061
stille,stille,0.9839192032814026
stille,stille,0.9973297119140625
stille,stille,0.9930663108825684
stille,stille,0.9971103668212891
stille,stille,0.6719369888305664
stille,vogel,0.7779861092567444
stille,stille,0.9961467981338501
stille,stille,0.9949896931648254
stille,stille,0.9939670562744141
stille,stille,0.9960667490959167
stille,stille,0.9956158399581909
stille,stille,0.9944331049919128
stille,stille,0.9973320960998535
stille,stille,0.9952227473258972
stille,stille,0.9971429705619812
stille,stille,0.9971787929534912
stille,stille,0.9947013854980469
stille,stille,0.9928554892539978
stille,stille,0.9957548379898071
stille,stille,0.9954783320426941
stille,stille,0.9982283711433411
stille,stille,0.9935474991798401
stille,stille,0.9943349361419678
stille,stille,0.9970753192901611
stille,stille,0.997563362121582
stille,stille,0.9958184361457825
stille,stille,0.9924203753471375
stille,stille,0.9907317757606506
stille,stille,0.9953088164329529
stille,stille,0.9928268790245056
stille,stille,0.9982757568359375
stille,stille,0.9915072917938232
stille,stille,0.9898569583892822
stille,stille,0.9967033267021179
stille,stille,0.9952654838562012
stille,stille,0.9956443309783936
stille,stille,0.9954097867012024
stille,stille,0.999336302280426
stille,stille,0.9654527902603149
stille,stille,0.9958664178848267
stille,stille,0.9969745874404907
stille,stille,0.988568902015686
stille,stille,0.9951059818267822
stille,stille,0.9770938754081726
stille,stille,0.9956099390983582
stille,stille,0.9960182309150696
stille,stille,0.9947555065155029
stille,stille,0.994232714176178
stille,stille,0.9956848621368408
stille,stille,0.9937762022018433
stille,stille,0.9950492978096008
stille,stille,0.9935169219970703
stille,stille,0.9959820508956909
stille,stille,0.9892929792404175
stille,stille,0.9956268072128296
stille,stille,0.9948333501815796
stille,stille,0.9971355199813843
stille,stille,0.9930505752563477
stille,stille,0.9947861433029175
stille,stille,0.9905746579170227
stille,stille,0.996336817741394
stille,stille,0.9902280569076538
stille,stille,0.9960137605667114
stille,stille,0.9816797971725464
stille,stille,0.9907137155532837
stille,stille,0.9902376532554626
stille,stille,0.9917657971382141
stille,stille,0.9966832995414734
stille,stille,0.9923508763313293
stille,stille,0.9961822628974915
stille,stille,0.9924774765968323
stille,stille,0.9958023428916931
stille,stille,0.9943315982818604
stille,stille,0.9966145157814026
stille,stille,0.9930346012115479
stille,stille,0.9963362216949463
stille,stille,0.9980624318122864
stille,stille,0.9965894222259521
stille,stille,0.9930776357650757
stille,stille,0.9964381456375122
stille,stille,0.9966931343078613
stille,stille,0.990029513835907
stille,stille,0.9970729351043701
stille,stille,0.9903802871704102
stille,stille,0.9980996251106262
stille,stille,0.994496762752533
stille,stille,0.9928948283195496
stille,stille,0.996242880821228
stille,stille,0.9925712943077087
stille,stille,0.9887726902961731
stille,stille,0.9948850274085999
stille,stille,0.995465874671936
stille,stille,0.9973194003105164
stille,stille,0.9960041642189026
stille,stille,0.9899458289146423
stille,stille,0.9938085675239563
stille,stille,0.9974628686904907
stille,stille,0.9784981608390808
stille,stille,0.9945688247680664
stille,stille,0.9647242426872253
stille,stille,0.6897116303443909
stille,stille,0.9947471022605896
stille,stille,0.997969925403595
stille,stille,0.9891024827957153
stille,stille,0.988387405872345
stille,stille,0.9957488179206848
stille,stille,0.9984069466590881
stille,stille,0.994596540927887
stille,stille,0.9966351389884949
stille,stille,0.9949772953987122
stille,stille,0.9915617108345032
stille,stille,0.9964069724082947
stille,stille,0.9865226149559021
stille,stille,0.9943696856498718
stille,stille,0.996216356754303
stille,stille,0.9937269687652588
stille,stille,0.9974859952926636
stille,stille,0.9887967109680176
stille,stille,0.9974357485771179
stille,stille,0.9959388971328735
stille,stille,0.9985460042953491
stille,stille,0.9951075315475464
stille,stille,0.9959681034088135
stille,stille,0.9903538227081299
stille,natur,0.36662718653678894
stille,stille,0.9963382482528687
stille,stille,0.9939954876899719
stille,stille,0.9960870742797852
stille,stille,0.8518446087837219
stille,stille,0.99460768699646
stille,stille,0.9966598749160767
stille,stille,0.9957340359687805
stille,stille,0.9960838556289673
stille,stille,0.9978893399238586
stille,stille,0.9944614171981812
stille,stille,0.9982044696807861
stille,stille,0.9968240261077881
stille,stille,0.9949907660484314
stille,stille,0.9942179918289185
stille,stille,0.9951810240745544
stille,stille,0.9953567385673523
stille,stille,0.9971852898597717
stille,stille,0.9971901774406433
stille,stille,0.9897556900978088
stille,stille,0.992949366569519
stille,stille,0.9946814179420471
stille,stille,0.9976497292518616
stille,stille,0.995934247970581
stille,stille,0.9975613355636597
stille,stille,0.9977023005485535
stille,stille,0.9963296055793762
stille,stille,0.9936741590499878
stille,stille,0.991558313369751
stille,stille,0.9936361312866211
stille,stille,0.9961792230606079
stille,stille,0.9959712624549866
stille,stille,0.9937399625778198
stille,stille,0.9932467937469482
stille,stille,0.9974499344825745
stille,stille,0.9904705286026001
stille,stille,0.986555814743042
stille,stille,0.9959380626678467
stille,stille,0.9969780445098877
stille,stille,0.9941619038581848
stille,stille,0.9974349141120911
stille,stille,0.9918239712715149
stille,stille,0.990013599395752
stille,stille,0.997849702835083
stille,stille,0.9769644141197205
stille,stille,0.9944754242897034
stille,stille,0.9957719445228577
stille,stille,0.9955394864082336
stille,stille,0.9964479207992554
stille,stille,0.9964324235916138
stille,stille,0.9935569167137146
stille,stille,0.993450403213501
stille,stille,0.9917827844619751
stille,stille,0.9953528642654419
stille,stille,0.9968324303627014
stille,stille,0.9959064722061157
stille,stille,0.9949659705162048
stille,stille,0.9941720366477966
stille,stille,0.9950760006904602
stille,stille,0.9942647814750671
stille,stille,0.9933538436889648
stille,stille,0.9951298236846924
stille,stille,0.9775787591934204
stille,stille,0.994624674320221
stille,stille,0.9947981834411621
stille,stille,0.997087299823761
stille,stille,0.9958615899085999
stille,stille,0.9944559931755066
stille,stille,0.9474641680717468
stille,stille,0.9957382678985596
stille,stille,0.9963068962097168
stille,stille,0.9925478100776672
stille,stille,0.9970278143882751
stille,natur,0.5079043507575989
stille,stille,0.9966979026794434
stille,stille,0.9368704557418823
stille,stille,0.9942899942398071
stille,stille,0.9968951940536499
stille,stille,0.9965111613273621
stille,stille,0.9961956739425659
stille,stille,0.9930398464202881
stille,stille,0.9956735968589783
stille,stille,0.9922600388526917
stille,stille,0.9923202395439148
stille,stille,0.9739632606506348
stille,stille,0.9977033734321594
stille,stille,0.9948443174362183
stille,stille,0.9975070357322693
stille,stille,0.9942281246185303
stille,stille,0.9875872731208801
stille,stille,0.9986386895179749
stille,stille,0.9960577487945557
stille,stille,0.9951521158218384
stille,stille,0.9942768216133118
stille,stille,0.9943796992301941
stille,stille,0.9917970895767212
stille,stille,0.9955971837043762
stille,stille,0.9950010180473328
stille,stille,0.978863537311554
stille,stille,0.9928572177886963
stille,stille,0.9935397505760193
stille,stille,0.9953927993774414
stille,stille,0.9958897233009338
stille,stille,0.8982262015342712
stille,stille,0.993955671787262
stille,stille,0.976040244102478
stille,stille,0.9955018162727356
stille,stille,0.9943349361419678
stille,stille,0.9939621090888977
stille,stille,0.9966365098953247
stille,stille,0.9971610307693481
stille,stille,0.8979104161262512
stille,stille,0.9989652633666992
stille,stille,0.9989263415336609
stille,stille,0.9973098039627075
stille,stille,0.9954921007156372
stille,stille,0.9991737008094788
stille,stille,0.992002010345459
stille,stille,0.9929608702659607
stille,stille,0.9945849776268005
stille,stille,0.990879237651825
stille,stille,0.9917674660682678
stille,stille,0.9987240433692932
stille,stille,0.9928702712059021
stille,stille,0.9888784885406494
stille,stille,0.9927818775177002
stille,stille,0.9988928437232971
stille,stille,0.9971358776092529
stille,stille,0.9932236671447754
stille,stille,0.9970210194587708
stille,stille,0.9974991679191589
stille,stille,0.9863243699073792
stille,stille,0.9934619665145874
stille,stille,0.9966733455657959
stille,stille,0.993893027305603
stille,stille,0.9906416535377502
stille,stille,0.9964698553085327
stille,stille,0.9959344863891602
stille,stille,0.9976256489753723
stille,stille,0.9935855269432068
stille,stille,0.9950699806213379
stille,stille,0.993920087814331
stille,stille,0.9910449981689453
stille,stille,0.9975831508636475
stille,stille,0.9963037967681885
stille,stille,0.9959437251091003
stille,stille,0.9929775595664978
stille,stille,0.9926201701164246
stille,stille,0.9917526841163635
stille,stille,0.995752215385437
stille,stille,0.993960976600647
stille,stille,0.9729986786842346
stille,stille,0.9947190284729004
stille,stille,0.9941131472587585
stille,stille,0.9941164255142212
stille,stille,0.9923100471496582
stille,stille,0.9305233955383301
stille,stille,0.9950931072235107
stille,stille,0.9945464134216309
stille,stille,0.9860193729400635
stille,stille,0.9954482913017273
stille,stille,0.9902014136314392
stille,stille,0.9925848841667175
stille,stille,0.9948839545249939
stille,stille,0.9947664737701416
stille,stille,0.9943793416023254
stille,stille,0.9880226850509644
stille,stille,0.9953418970108032
stille,stille,0.9943175911903381
stille,stille,0.9926198124885559
stille,stille,0.997184693813324
stille,stille,0.9943899512290955
stille,stille,0.9947935938835144
stille,stille,0.990260660648346
stille,stille,0.9943640232086182
stille,stille,0.9930819869041443
stille,stille,0.9939498901367188
stille,stille,0.9943987727165222
stille,stille,0.9962494969367981
stille,vogel,0.4242362380027771
stille,stille,0.9941873550415039
stille,stille,0.9941691160202026
stille,stille,0.9964589476585388
stille,stille,0.9918054342269897
stille,stille,0.9937250018119812
stille,stille,0.9960648417472839
stille,stille,0.9949272871017456
stille,stille,0.9964563250541687
stille,stille,0.997320830821991
stille,stille,0.9957120418548584
stille,laerm,0.47040051221847534
stille,stille,0.9961728453636169
stille,stille,0.9960044026374817
stille,stille,0.9948417544364929
stille,stille,0.9954429864883423
stille,stille,0.9966841340065002
stille,stille,0.9950411915779114
stille,stille,0.9942331910133362
stille,stille,0.9833198189735413
stille,stille,0.9930238723754883
stille,stille,0.9990296363830566
stille,stille,0.9961728453636169
stille,stille,0.9919312596321106
stille,stille,0.9965478777885437
stille,stille,0.9961971044540405
stille,stille,0.9873601794242859
stille,stille,0.9935216307640076
stille,stille,0.9930906295776367
stille,stille,0.9969726800918579
stille,stille,0.9955713152885437
stille,stille,0.9965388774871826
stille,stille,0.9963819980621338
stille,stille,0.9956515431404114
stille,stille,0.9946067929267883
stille,stille,0.9958651065826416
stille,stille,0.9938284754753113
stille,stille,0.9920262694358826
stille,stille,0.9961668848991394
stille,stille,0.9944637417793274
stille,stille,0.9957660436630249
stille,stille,0.9959676265716553
stille,stille,0.993417501449585
stille,stille,0.9949634075164795
stille,stille,0.9967353940010071
stille,stille,0.9943568110466003
stille,stille,0.9968793392181396
stille,stille,0.9962091445922852
stille,stille,0.9979358911514282
stille,stille,0.9951823353767395
stille,stille,0.9970345497131348
stille,stille,0.9111208915710449
stille,stille,0.994835615158081
stille,stille,0.9960820078849792
stille,stille,0.9899535775184631
stille,stille,0.9963713884353638
stille,stille,0.997550904750824
stille,stille,0.994612455368042
stille,stille,0.9906036257743835
stille,stille,0.9966806769371033
stille,stille,0.9947746992111206
stille,stille,0.9894911050796509
stille,stille,0.9944104552268982
stille,stille,0.9528917074203491
stille,stille,0.9935073852539062
stille,stille,0.9919202327728271
stille,stille,0.9973397850990295
stille,laerm,0.5898141264915466
stille,stille,0.9963635802268982
stille,stille,0.5280676484107971
stille,stille,0.6552484631538391
stille,stille,0.9970110654830933
stille,stille,0.9975276589393616
stille,stille,0.9924511313438416
stille,stille,0.9956923127174377
stille,stille,0.9974009990692139
stille,stille,0.9986035227775574
stille,stille,0.997635006904602
stille,stille,0.9933926463127136
stille,stille,0.9953983426094055
stille,stille,0.9930056929588318
stille,stille,0.9938403367996216
stille,stille,0.9957290291786194
stille,stille,0.9898257851600647
stille,stille,0.9979875087738037
stille,stille,0.9963880777359009
stille,stille,0.9972315430641174
stille,stille,0.9963110089302063
stille,stille,0.9915492534637451
stille,vogel,0.5154126882553101
stille,stille,0.9980502128601074
stille,stille,0.9951717257499695
stille,stille,0.9966962337493896
stille,stille,0.9945395588874817
stille,stille,0.9552015662193298
stille,stille,0.9938161373138428
stille,stille,0.9746809601783752
stille,stille,0.9955156445503235
stille,stille,0.9973357319831848
stille,stille,0.9969406127929688
stille,stille,0.997320830821991
stille,stille,0.9878013730049133
stille,stille,0.9947187900543213
stille,stille,0.9973952770233154
stille,stille,0.9962186217308044
stille,stille,0.9962886571884155
stille,stille,0.9934567809104919
stille,stille,0.9957668781280518
stille,vogel,0.6822721362113953
stille,stille,0.9949151277542114
stille,stille,0.9934660792350769
stille,stille,0.9957727789878845
stille,stille,0.9960221648216248
stille,stille,0.9949029684066772
stille,stille,0.9879314303398132
stille,stille,0.9802872538566589
stille,stille,0.9986640214920044
stille,stille,0.996660590171814
stille,stille,0.9322406649589539
stille,stille,0.9950733780860901
stille,stille,0.9930106997489929
stille,stille,0.9905105233192444
stille,stille,0.9958474040031433
stille,stille,0.9941173791885376
stille,stille,0.9925644993782043
stille,stille,0.9002057909965515
stille,stille,0.9956409931182861
stille,stille,0.9937793612480164
stille,stille,0.8242254257202148
stille,stille,0.9939974546432495
stille,stille,0.9946401715278625
stille,stille,0.9947212934494019
stille,stille,0.9972735047340393
stille,stille,0.997626006603241
stille,stille,0.9928745031356812
stille,stille,0.9980448484420776
stille,stille,0.9982702732086182
stille,laerm,0.7163888216018677
stille,stille,0.9965608716011047
stille,stille,0.9958743453025818
stille,stille,0.9920451641082764
stille,stille,0.9925272464752197
stille,stille,0.9960856437683105
stille,stille,0.9958065748214722
stille,stille,0.9903836846351624
stille,stille,0.996155321598053
stille,stille,0.9948174357414246
stille,stille,0.9987390637397766
stille,stille,0.9993594288825989
stille,stille,0.9938331842422485
stille,stille,0.9970349073410034
stille,stille,0.993025541305542
stille,stille,0.9929009675979614
stille,stille,0.9926506876945496
stille,stille,0.9935992956161499
stille,stille,0.9964242577552795
stille,stille,0.9927005171775818
stille,stille,0.9945869445800781
stille,stille,0.9947103261947632
stille,stille,0.9934137463569641
stille,stille,0.9042972922325134
stille,stille,0.9968530535697937
stille,stille,0.991655707359314
stille,stille,0.9977461695671082
stille,stille,0.9578525424003601
stille,stille,0.9904464483261108
stille,stille,0.9944884777069092
stille,stille,0.9966173768043518
stille,stille,0.9893776774406433
stille,stille,0.9942792654037476
stille,stille,0.999584972858429
stille,stille,0.9917505383491516
stille,stille,0.4781201183795929
stille,vogel,0.5064706802368164
stille,stille,0.9664660096168518
stille,stille,0.9959233999252319
stille,stille,0.9948780536651611
stille,stille,0.9967018961906433
stille,stille,0.8805747032165527
stille,stille,0.9934000968933105
stille,stille,0.9962097406387329
stille,stille,0.9951149225234985
stille,stille,0.9945149421691895
stille,stille,0.9911082983016968
stille,stille,0.9947545528411865
stille,stille,0.9972180128097534
stille,stille,0.9945701956748962
stille,stille,0.9857993125915527
stille,stille,0.9956619143486023
stille,stille,0.995258629322052
stille,stille,0.9963171482086182
stille,stille,0.9939689636230469
stille,stille,0.994454562664032
stille,stille,0.9961297512054443
stille,stille,0.9973413348197937
stille,vogel,0.8240995407104492
stille,stille,0.9973600506782532
stille,stille,0.9973211884498596
stille,stille,0.9911208748817444
stille,stille,0.9942929744720459
stille,stille,0.9963615536689758
stille,stille,0.9946574568748474
stille,stille,0.6171169281005859
stille,stille,0.9968838095664978
stille,stille,0.9954736828804016
stille,stille,0.9959753155708313
stille,stille,0.9942095279693604
stille,stille,0.9938998222351074
stille,stille,0.995991051197052
stille,stille,0.9955423474311829
stille,stille,0.9934027791023254
stille,stille,0.9905170798301697
stille,stille,0.996986448764801
stille,stille,0.9940464496612549
stille,stille,0.9908592104911804
stille,stille,0.9985040426254272
stille,stille,0.9941174983978271
stille,stille,0.9938082098960876
stille,stille,0.9965453743934631
stille,stille,0.9910736680030823
stille,stille,0.9975554347038269
stille,stille,0.9949944019317627
stille,stille,0.9889868497848511
stille,stille,0.9934573769569397
stille,stille,0.9823090434074402
stille,stille,0.9928584098815918
stille,stille,0.9977395534515381
stille,stille,0.9914557337760925
stille,stille,0.9889389276504517
stille,stille,0.9952763319015503
stille,stille,0.9972858428955078
stille,stille,0.9971016049385071
stille,stille,0.9977796673774719
undefiniert,stille,0.4395213723182678
undefiniert,stille,0.9148390293121338
undefiniert,laerm,0.8391096591949463
undefiniert,laerm,0.9991801381111145
undefiniert,laerm,0.48109427094459534
undefiniert,laerm,0.7135320901870728
undefiniert,laerm,0.8211244344711304
undefiniert,vogel,0.6131066083908081
undefiniert,laerm,0.9932084679603577
undefiniert,vogel,0.5463684797286987
undefiniert,stille,0.7861791253089905
undefiniert,stille,0.8676000237464905
undefiniert,stille,0.832647979259491
undefiniert,stille,0.9983018636703491
undefiniert,stille,0.4093519151210785
undefiniert,stille,0.4089108407497406
undefiniert,natur,0.42953768372535706
undefiniert,stille,0.9752001166343689
undefiniert,stille,0.4023955464363098
undefiniert,laerm,0.9314433932304382
undefiniert,stille,0.712990939617157
undefiniert,stille,0.6955792903900146
undefiniert,vogel,0.6106225848197937
undefiniert,stille,0.6133846640586853
undefiniert,stille,0.9711753726005554
undefiniert,stille,0.9983262419700623
undefiniert,stille,0.9880123138427734
undefiniert,laerm,0.6633488535881042
undefiniert,stille,0.9891553521156311
undefiniert,vogel,0.5724015831947327
undefiniert,stille,0.998902440071106
undefiniert,stille,0.9394041895866394
undefiniert,stille,0.9668111205101013
undefiniert,stille,0.9834558367729187
undefiniert,stille,0.810312807559967
undefiniert,vogel,0.969162106513977
undefiniert,stille,0.9020645022392273
undefiniert,natur,0.6112055778503418
undefiniert,laerm,0.9360244274139404
undefiniert,laerm,0.7554769515991211
undefiniert,laerm,0.8456224799156189
undefiniert,laerm,0.9982777833938599
undefiniert,stille,0.9053326845169067
undefiniert,stille,0.9860715270042419
undefiniert,laerm,0.9914279580116272
undefiniert,laerm,0.9871866703033447
undefiniert,stille,0.8777300119400024
undefiniert,stille,0.40082982182502747
undefiniert,stille,0.967150866985321
undefiniert,stille,0.9985225796699524
undefiniert,vogel,0.9763641953468323
undefiniert,laerm,0.9830921292304993
undefiniert,vogel,0.4632507860660553
undefiniert,stille,0.929283857345581
undefiniert,stille,0.9015039801597595
undefiniert,stille,0.9764890074729919
undefiniert,stille,0.9247222542762756
undefiniert,stille,0.916149377822876
undefiniert,stille,0.9916366934776306
undefiniert,stille,0.5315922498703003
undefiniert,stille,0.6421539783477783
undefiniert,stille,0.7445867657661438
undefiniert,stille,0.9709810018539429
undefiniert,stille,0.4617643654346466
undefiniert,stille,0.6268980503082275
undefiniert,stille,0.8396855592727661
undefiniert,stille,0.9544090032577515
undefiniert,stille,0.9926009774208069
undefiniert,laerm,0.4782607853412628
undefiniert,vogel,0.9564675688743591
undefiniert,laerm,0.9199577569961548
undefiniert,laerm,0.9604982137680054
undefiniert,stille,0.8466764688491821
undefiniert,stille,0.6593067646026611
undefiniert,stille,0.9445770978927612
undefiniert,natur,0.606499969959259
undefiniert,stille,0.9994809031486511
undefiniert,stille,0.9672325849533081
undefiniert,natur,0.5717861652374268
undefiniert,stille,0.8215106725692749
undefiniert,stille,0.9592992663383484
undefiniert,stille,0.9171217083930969
undefiniert,vogel,0.6975469589233398
undefiniert,stille,0.9340941309928894
undefiniert,laerm,0.902016282081604
undefiniert,stille,0.969048261642456
undefiniert,vogel,0.7542848587036133
undefiniert,stille,0.9584024548530579
undefiniert,laerm,0.7553517818450928
undefiniert,vogel,0.8064121603965759
undefiniert,stille,0.9265504479408264
undefiniert,stille,0.9929330348968506
undefiniert,stille,0.9421452879905701
undefiniert,stille,0.8663647770881653
undefiniert,vogel,0.791248083114624
undefiniert,stille,0.4824645221233368
undefiniert,laerm,0.859844982624054
undefiniert,vogel,0.5548344850540161
undefiniert,laerm,0.8765782117843628
undefiniert,laerm,0.6880060434341431
undefiniert,vogel,0.5415787100791931
undefiniert,vogel,0.606241762638092
undefiniert,laerm,0.5837169289588928
undefiniert,laerm,0.8605611324310303
undefiniert,laerm,0.7026796340942383
undefiniert,vogel,0.6344017386436462
undefiniert,laerm,0.8642003536224365
undefiniert,laerm,0.8483059406280518
undefiniert,laerm,0.98282790184021
undefiniert,laerm,0.7409965395927429
undefiniert,stille,0.8119038939476013
undefiniert,laerm,0.6983073949813843
undefiniert,laerm,0.7749046087265015
undefiniert,laerm,0.8199065327644348
undefiniert,stille,0.5277530550956726
undefiniert,laerm,0.9948721528053284
undefiniert,vogel,0.7927594780921936
undefiniert,stille,0.93608158826828
undefiniert,stille,0.8745333552360535
undefiniert,laerm,0.6870275139808655
undefiniert,stille,0.49857184290885925
undefiniert,stille,0.933553159236908
undefiniert,stille,0.7632533311843872
undefiniert,stille,0.9555770754814148
undefiniert,stille,0.9929776787757874
undefiniert,stille,0.9959457516670227
undefiniert,laerm,0.9562515616416931
undefiniert,stille,0.732258677482605
undefiniert,laerm,0.9921481013298035
undefiniert,stille,0.9993116855621338
undefiniert,stille,0.9941720366477966
undefiniert,laerm,0.9572800993919373
undefiniert,laerm,0.9618756771087646
undefiniert,stille,0.6960511803627014
undefiniert,vogel,0.6133865118026733
undefiniert,stille,0.9507864117622375
undefiniert,stille,0.9957981705665588
undefiniert,stille,0.9681504964828491
undefiniert,laerm,0.6949300169944763
undefiniert,stille,0.9846407175064087
undefiniert,laerm,0.9942668080329895
undefiniert,stille,0.7067371606826782
undefiniert,stille,0.9640682935714722
undefiniert,laerm,0.9866987466812134
undefiniert,stille,0.8098127245903015
undefiniert,stille,0.9880017638206482
undefiniert,stille,0.9828926920890808
undefiniert,stille,0.9232585430145264
undefiniert,natur,0.9719657897949219
undefiniert,stille,0.8993148803710938
undefiniert,stille,0.9787082076072693
undefiniert,vogel,0.6242810487747192
undefiniert,stille,0.9934470057487488
undefiniert,vogel,0.8312350511550903
undefiniert,stille,0.9755098223686218
undefiniert,stille,0.9849425554275513
vogel,vogel,0.9910246133804321
vogel,vogel,0.988470196723938
vogel,vogel,0.9917255640029907
vogel,vogel,0.9918314814567566
vogel,vogel,0.9944844841957092
vogel,vogel,0.9903430938720703
vogel,vogel,0.9861801266670227
vogel,vogel,0.9839986562728882
vogel,vogel,0.991432785987854
vogel,vogel,0.9899751543998718
vogel,laerm,0.49392372369766235
vogel,stille,0.8707025647163391
vogel,vogel,0.987636387348175
vogel,vogel,0.9953168630599976
vogel,vogel,0.9902433753013611
vogel,vogel,0.9949454665184021
vogel,vogel,0.9956009387969971
vogel,vogel,0.9927241206169128
vogel,vogel,0.9946056008338928
vogel,vogel,0.9902012944221497
vogel,vogel,0.9971727132797241
vogel,vogel,0.9870522022247314
vogel,vogel,0.9882345199584961
vogel,vogel,0.9897464513778687
vogel,vogel,0.9957450032234192
vogel,vogel,0.9914735555648804
vogel,vogel,0.9954156875610352
vogel,vogel,0.9908114671707153
vogel,vogel,0.9931851029396057
vogel,vogel,0.9974197149276733
vogel,vogel,0.9894352555274963
vogel,vogel,0.9983881711959839
vogel,vogel,0.9920470714569092
vogel,vogel,0.9841499924659729
vogel,vogel,0.9916942715644836
vogel,vogel,0.9922869205474854
vogel,vogel,0.995940089225769
vogel,vogel,0.9881809949874878
vogel,vogel,0.99437016248703
vogel,vogel,0.9928747415542603
vogel,vogel,0.9981200098991394
vogel,vogel,0.9981593489646912
vogel,vogel,0.9831576943397522
vogel,vogel,0.9914331436157227
vogel,vogel,0.9855632781982422
vogel,stille,0.9931301474571228
vogel,vogel,0.9864124059677124
vogel,vogel,0.9922052025794983
vogel,vogel,0.9948141574859619
vogel,vogel,0.9979118704795837
vogel,vogel,0.9936597943305969
vogel,vogel,0.9940902590751648
vogel,vogel,0.9839524626731873
vogel,vogel,0.9925084710121155
vogel,vogel,0.9859976768493652
vogel,vogel,0.9918918609619141
vogel,vogel,0.9938976168632507
vogel,vogel,0.9926498532295227
vogel,vogel,0.9909121990203857
vogel,vogel,0.9932936429977417
vogel,vogel,0.9883964657783508
vogel,vogel,0.992416262626648
vogel,vogel,0.9936250448226929
vogel,vogel,0.8921120166778564
vogel,vogel,0.9922919869422913
vogel,vogel,0.9967107772827148
vogel,vogel,0.9843301177024841
vogel,vogel,0.9911103248596191
vogel,vogel,0.4891437590122223
vogel,vogel,0.984650194644928
vogel,vogel,0.990110456943512
vogel,vogel,0.9851807355880737
vogel,vogel,0.9910775423049927
vogel,vogel,0.9744651317596436
vogel,vogel,0.9864456057548523
vogel,vogel,0.9920532703399658
vogel,vogel,0.9903663396835327
vogel,vogel,0.9959867596626282
vogel,vogel,0.9849862456321716
vogel,vogel,0.8616835474967957
vogel,vogel,0.9928944706916809
vogel,vogel,0.9906861186027527
vogel,vogel,0.9828149676322937
vogel,vogel,0.9850047826766968
vogel,vogel,0.990284264087677
vogel,vogel,0.9923151731491089
vogel,vogel,0.9976709485054016
vogel,vogel,0.993604838848114
vogel,vogel,0.9978323578834534
vogel,vogel,0.9941931366920471
vogel,vogel,0.9924669861793518
vogel,vogel,0.9894554018974304
vogel,vogel,0.9936012625694275
vogel,vogel,0.9917277097702026
vogel,vogel,0.995380163192749
vogel,vogel,0.9937230944633484
vogel,vogel,0.9878189563751221
vogel,vogel,0.9825215935707092
vogel,vogel,0.9338768720626831
vogel,vogel,0.9956948757171631
vogel,vogel,0.9787399768829346
vogel,vogel,0.9904962778091431
vogel,vogel,0.9879360198974609
vogel,vogel,0.9974015951156616
vogel,vogel,0.9932534098625183
vogel,vogel,0.9926872253417969
vogel,vogel,0.9957477450370789
vogel,vogel,0.9999841451644897
vogel,vogel,0.9931080341339111
vogel,vogel,0.9838809370994568
vogel,vogel,0.9934815168380737
vogel,vogel,0.9865842461585999
vogel,vogel,0.9986615180969238
vogel,vogel,0.9935809373855591
vogel,vogel,0.9888719916343689
vogel,vogel,0.9931281805038452
vogel,vogel,0.9854211211204529
vogel,vogel,0.9963157773017883
vogel,vogel,0.9898327589035034
vogel,vogel,0.9890813827514648
vogel,vogel,0.9887911081314087
vogel,vogel,0.9925196170806885
vogel,vogel,0.9869359135627747
vogel,vogel,0.9945681095123291
vogel,vogel,0.9907863736152649
vogel,vogel,0.992377758026123
vogel,vogel,0.990104615688324
vogel,vogel,0.9774714112281799
vogel,vogel,0.9908289909362793
vogel,vogel,0.98418128490448
vogel,vogel,0.987838864326477
vogel,vogel,0.9957054257392883
vogel,vogel,0.9892760515213013
vogel,vogel,0.9839714765548706
vogel,vogel,0.9988802075386047
vogel,vogel,0.998451828956604
vogel,vogel,0.9932534098625183
vogel,vogel,0.9918328523635864
vogel,vogel,0.9936582446098328
vogel,vogel,0.9940969944000244
vogel,vogel,0.9851053953170776
vogel,vogel,0.9924477338790894
vogel,vogel,0.9948605895042419
vogel,vogel,0.990665078163147
vogel,vogel,0.9931157231330872
vogel,vogel,0.9964343309402466
vogel,vogel,0.9861998558044434
vogel,vogel,0.9926153421401978
vogel,vogel,0.9977808594703674
vogel,vogel,0.9951933026313782
vogel,vogel,0.7090955376625061
vogel,vogel,0.9942768216133118
vogel,vogel,0.9856564998626709
vogel,vogel,0.9894161820411682
vogel,vogel,0.9900604486465454
vogel,vogel,0.998276948928833
vogel,vogel,0.9926129579544067
vogel,vogel,0.990546703338623
vogel,vogel,0.9930912256240845
vogel,vogel,0.9939579963684082
vogel,vogel,0.9922401905059814
vogel,vogel,0.991508960723877
vogel,vogel,0.9871912002563477
vogel,vogel,0.9948699474334717
vogel,vogel,0.988497257232666
vogel,vogel,0.992886483669281
vogel,vogel,0.9891525506973267
vogel,vogel,0.994062602519989
vogel,vogel,0.9919821619987488
vogel,vogel,0.9945407509803772
vogel,stille,0.8685308694839478
vogel,vogel,0.9962939620018005
vogel,vogel,0.9835500717163086
vogel,vogel,0.991089940071106
vogel,vogel,0.9848264455795288
vogel,vogel,0.9991781115531921
vogel,vogel,0.997724711894989
vogel,vogel,0.9934108853340149
vogel,vogel,0.9949905276298523
vogel,vogel,0.9911400675773621
vogel,vogel,0.9943766593933105
vogel,vogel,0.5840176343917847
vogel,vogel,0.988962709903717
vogel,vogel,0.9875354170799255
vogel,vogel,0.9927449226379395
vogel,vogel,0.989713191986084
vogel,vogel,0.9811919331550598
vogel,vogel,0.9877787232398987
vogel,vogel,0.9799246788024902
vogel,vogel,0.9915134310722351
vogel,vogel,0.993648111820221
vogel,stille,0.5531725287437439
vogel,vogel,0.994550883769989
vogel,vogel,0.9844595193862915
vogel,vogel,0.9967124462127686
vogel,vogel,0.987852931022644
vogel,vogel,0.9901447296142578
vogel,vogel,0.995782732963562
vogel,vogel,0.843161404132843
vogel,vogel,0.9857638478279114
vogel,vogel,0.9893332123756409
vogel,vogel,0.9951037168502808
vogel,vogel,0.9988033771514893
vogel,vogel,0.995678722858429
vogel,vogel,0.98634272813797
vogel,vogel,0.9973618388175964
vogel,vogel,0.9852348566055298
vogel,vogel,0.9943702816963196
vogel,vogel,0.9941155910491943
vogel,stille,0.8986786603927612
vogel,vogel,0.9889053106307983
vogel,vogel,0.9957333207130432
vogel,vogel,0.990376889705658
vogel,vogel,0.993309497833252
vogel,vogel,0.9942516088485718
vogel,vogel,0.9947184324264526
vogel,vogel,0.9885457158088684
vogel,vogel,0.9913508892059326
vogel,vogel,0.9954853057861328
vogel,vogel,0.9919113516807556
vogel,vogel,0.991125762462616
vogel,laerm,0.9868380427360535
vogel,vogel,0.9940944314002991
vogel,vogel,0.9943575263023376
vogel,vogel,0.9894706010818481
vogel,vogel,0.9787927269935608
vogel,vogel,0.9746412038803101
vogel,vogel,0.9935837388038635
vogel,laerm,0.99604731798172
vogel,vogel,0.9902291297912598
vogel,vogel,0.9569852352142334
vogel,vogel,0.9927341938018799
vogel,vogel,0.9899197816848755
vogel,vogel,0.9958909749984741
vogel,vogel,0.9919390082359314
vogel,vogel,0.9969099164009094
vogel,vogel,0.9936859011650085
vogel,vogel,0.9955202341079712
vogel,vogel,0.9928352236747742
vogel,vogel,0.994296133518219
vogel,vogel,0.9939297437667847
vogel,vogel,0.9923650026321411
vogel,vogel,0.9902687072753906
vogel,vogel,0.9949259757995605
vogel,vogel,0.9942445158958435
vogel,vogel,0.9894800186157227
vogel,vogel,0.9887377023696899
vogel,vogel,0.9919514656066895
vogel,vogel,0.9943063855171204
vogel,vogel,0.9904223680496216
vogel,vogel,0.9867520332336426
vogel,vogel,0.8808244466781616
vogel,vogel,0.9881318807601929
vogel,vogel,0.9956223368644714
vogel,vogel,0.9780123829841614
vogel,vogel,0.9933426976203918
vogel,vogel,0.9935271739959717
vogel,vogel,0.992134690284729
vogel,vogel,0.996301531791687
vogel,vogel,0.9886060357093811
vogel,vogel,0.9957894682884216
vogel,vogel,0.9935165643692017
vogel,vogel,0.9906243681907654
vogel,vogel,0.9955780506134033
vogel,vogel,0.9927324652671814
vogel,vogel,0.9960893392562866
vogel,vogel,0.9930984377861023
vogel,vogel,0.993739128112793
vogel,vogel,0.9974863529205322
vogel,vogel,0.9947227239608765
vogel,vogel,0.9915357828140259
vogel,vogel,0.9934161901473999
vogel,vogel,0.9888607859611511
vogel,vogel,0.9892927408218384
vogel,vogel,0.990656316280365
vogel,vogel,0.9883125424385071
vogel,vogel,0.9961109757423401
vogel,vogel,0.9925023317337036
vogel,vogel,0.9954349398612976
vogel,vogel,0.979526937007904
vogel,vogel,0.9910708665847778
vogel,vogel,0.9966756105422974
vogel,vogel,0.9952044486999512
vogel,vogel,0.993548572063446
vogel,vogel,0.9907840490341187
vogel,vogel,0.9937806725502014
vogel,vogel,0.9878985285758972
vogel,vogel,0.993327260017395
vogel,vogel,0.9855018854141235
vogel,vogel,0.994793713092804
vogel,vogel,0.9910284876823425
vogel,vogel,0.9859194755554199
vogel,vogel,0.9807337522506714
vogel,vogel,0.9928186535835266
vogel,vogel,0.9897331595420837
vogel,vogel,0.9919669032096863
vogel,vogel,0.9627905488014221
vogel,vogel,0.9948102235794067
vogel,vogel,0.9968181848526001
vogel,vogel,0.9951251149177551
vogel,vogel,0.9902016520500183
vogel,vogel,0.99779212474823
vogel,vogel,0.9955807328224182
vogel,vogel,0.9908750057220459
vogel,vogel,0.9950592517852783
vogel,vogel,0.9801368713378906
vogel,vogel,0.9942774176597595
vogel,vogel,0.9960184693336487
vogel,vogel,0.9893413186073303
vogel,vogel,0.9948915243148804
vogel,laerm,0.9236735105514526
vogel,vogel,0.6820824146270752
vogel,vogel,0.9947887659072876
vogel,vogel,0.9880914688110352
vogel,vogel,0.9942071437835693
vogel,vogel,0.9902207851409912
vogel,vogel,0.9802844524383545
vogel,vogel,0.9945253133773804
vogel,vogel,0.9882935285568237
vogel,vogel,0.9907694458961487
vogel,vogel,0.994752049446106
vogel,vogel,0.9753440022468567
vogel,vogel,0.9915534853935242
vogel,vogel,0.9904741644859314
vogel,vogel,0.9938295483589172
vogel,vogel,0.9892765283584595
vogel,vogel,0.9915674328804016
vogel,vogel,0.9939634203910828
vogel,vogel,0.990047812461853
vogel,vogel,0.9959932565689087
vogel,vogel,0.9922192096710205
vogel,vogel,0.9932924509048462
vogel,vogel,0.9956476092338562
vogel,vogel,0.796210527420044
vogel,vogel,0.9959964752197266
vogel,vogel,0.9898642897605896
vogel,vogel,0.9606932401657104
vogel,vogel,0.9931418299674988
vogel,vogel,0.9878958463668823
vogel,vogel,0.9883671402931213
vogel,vogel,0.988575279712677
vogel,vogel,0.9919176697731018
vogel,vogel,0.9847366213798523
vogel,vogel,0.990358293056488
vogel,vogel,0.9860098361968994
vogel,vogel,0.9849047660827637
vogel,vogel,0.9905620217323303
vogel,vogel,0.5438365340232849
vogel,vogel,0.9931027889251709
vogel,vogel,0.9966607093811035
vogel,vogel,0.994914174079895
vogel,vogel,0.9882877469062805
vogel,vogel,0.9850301146507263
vogel,vogel,0.990565299987793
vogel,stille,0.6798250079154968
vogel,vogel,0.9887456297874451
vogel,vogel,0.9921362400054932
vogel,vogel,0.9937494993209839
vogel,stille,0.8173915147781372
